account_id,customer_id,account_type,base_currency,opened_date,status
1,653,Brokerage,USD,2018-05-02 00:00:00,Restricted
2,282,Brokerage,USD,2016-01-14 00:00:00,Closed
3,399,Trust,USD,2025-04-07 00:00:00,Active
4,47,Retirement,GBP,2025-02-26 00:00:00,Active
5,658,Advisory,EUR,2017-03-20 00:00:00,Active
6,981,Brokerage,USD,2026-03-24 00:00:00,Active
7,380,Brokerage,USD,2024-08-09 00:00:00,Active
8,996,Retirement,USD,2025-04-24 00:00:00,Closed
9,744,Brokerage,EUR,2025-08-08 00:00:00,Active
10,411,Retirement,USD,2025-08-25 00:00:00,Active
11,752,Brokerage,GBP,2020-10-17 00:00:00,Active
12,346,Brokerage,USD,2024-04-28 00:00:00,Active
13,727,Retirement,USD,2022-03-02 00:00:00,Active
14,287,Trust,CAD,2020-01-15 00:00:00,Restricted
15,66,Trust,USD,2022-10-14 00:00:00,Active
16,365,Brokerage,USD,2023-11-19 00:00:00,Active
17,304,Retirement,USD,2026-02-17 00:00:00,Active
18,249,Retirement,EUR,2017-12-01 00:00:00,Active
19,339,Brokerage,GBP,2021-03-15 00:00:00,Active
20,863,Trust,EUR,2018-12-14 00:00:00,Active
21,309,Brokerage,EUR,2019-08-31 00:00:00,Active
22,695,Retirement,GBP,2021-04-21 00:00:00,Active
23,764,Brokerage,CAD,2026-03-14 00:00:00,Active
24,303,Brokerage,USD,2016-04-16 00:00:00,Active
25,317,Brokerage,EUR,2023-07-18 00:00:00,Active
26,768,Brokerage,CAD,2017-02-13 00:00:00,Active
27,274,Advisory,GBP,2016-08-18 00:00:00,Active
28,862,Brokerage,CAD,2023-11-29 00:00:00,Active
29,784,Retirement,USD,2021-10-27 00:00:00,Active
30,488,Brokerage,USD,2017-04-02 00:00:00,Active
31,334,Retirement,EUR,2024-06-25 00:00:00,Active
32,306,Brokerage,CAD,2018-10-21 00:00:00,Active
33,444,Trust,USD,2016-11-24 00:00:00,Closed
34,852,Brokerage,EUR,2022-09-16 00:00:00,Active
35,70,Trust,EUR,2020-12-23 00:00:00,Active
36,961,Brokerage,USD,2025-07-23 00:00:00,Active
37,571,Brokerage,GBP,2023-07-19 00:00:00,Active
38,218,Brokerage,USD,2021-05-02 00:00:00,Active
39,326,Trust,GBP,2023-01-04 00:00:00,Active
40,18,Trust,USD,2019-06-11 00:00:00,Active
41,518,Brokerage,CAD,2016-02-29 00:00:00,Active
42,678,Advisory,GBP,2018-05-22 00:00:00,Active
43,486,Advisory,USD,2016-04-04 00:00:00,Active
44,307,Advisory,GBP,2018-06-29 00:00:00,Active
45,375,Brokerage,EUR,2025-05-22 00:00:00,Active
46,738,Retirement,USD,2020-10-19 00:00:00,Closed
47,834,Brokerage,USD,2026-02-23 00:00:00,Restricted
48,350,Brokerage,EUR,2017-01-01 00:00:00,Active
49,10,Advisory,GBP,2021-05-25 00:00:00,Active
50,970,Retirement,GBP,2024-12-05 00:00:00,Active
51,560,Trust,USD,2018-05-21 00:00:00,Active
52,68,Advisory,USD,2020-04-19 00:00:00,Closed
53,221,Brokerage,GBP,2025-01-23 00:00:00,Active
54,62,Retirement,EUR,2018-10-11 00:00:00,Active
55,201,Brokerage,GBP,2025-10-12 00:00:00,Active
56,188,Retirement,EUR,2023-09-12 00:00:00,Active
57,41,Advisory,EUR,2018-12-02 00:00:00,Active
58,264,Brokerage,USD,2024-02-06 00:00:00,Active
59,773,Retirement,USD,2025-04-04 00:00:00,Restricted
60,289,Trust,EUR,2025-04-26 00:00:00,Active
61,981,Brokerage,USD,2019-01-16 00:00:00,Active
62,837,Advisory,USD,2023-03-23 00:00:00,Active
63,431,Retirement,USD,2020-10-06 00:00:00,Active
64,990,Brokerage,USD,2016-03-22 00:00:00,Active
65,468,Retirement,USD,2025-05-02 00:00:00,Closed
66,17,Brokerage,USD,2017-02-21 00:00:00,Active
67,69,Brokerage,USD,2019-10-07 00:00:00,Closed
68,52,Advisory,EUR,2016-10-13 00:00:00,Active
69,875,Advisory,USD,2016-12-06 00:00:00,Active
70,329,Trust,USD,2020-04-01 00:00:00,Active
71,543,Trust,GBP,2020-12-04 00:00:00,Restricted
72,712,Advisory,EUR,2017-10-17 00:00:00,Active
73,700,Brokerage,EUR,2017-12-22 00:00:00,Closed
74,131,Brokerage,EUR,2025-05-18 00:00:00,Active
75,875,Advisory,USD,2017-07-14 00:00:00,Active
76,335,Retirement,USD,2022-04-21 00:00:00,Closed
77,882,Brokerage,EUR,2019-02-09 00:00:00,Active
78,18,Brokerage,USD,2018-03-31 00:00:00,Active
79,817,Brokerage,USD,2022-08-17 00:00:00,Active
80,44,Trust,GBP,2021-09-18 00:00:00,Active
81,654,Brokerage,CAD,2017-01-07 00:00:00,Closed
82,434,Brokerage,USD,2020-02-18 00:00:00,Closed
83,840,Brokerage,GBP,2024-10-31 00:00:00,Closed
84,658,Trust,EUR,2017-03-18 00:00:00,Active
85,599,Retirement,USD,2017-11-17 00:00:00,Active
86,469,Brokerage,USD,2018-01-26 00:00:00,Active
87,890,Brokerage,EUR,2017-08-23 00:00:00,Active
88,224,Retirement,CAD,2025-11-19 00:00:00,Active
89,451,Brokerage,USD,2024-04-09 00:00:00,Active
90,726,Retirement,EUR,2018-01-03 00:00:00,Closed
91,701,Advisory,CAD,2020-01-30 00:00:00,Active
92,789,Retirement,USD,2020-11-01 00:00:00,Closed
93,680,Trust,GBP,2025-01-07 00:00:00,Active
94,50,Brokerage,EUR,2022-10-29 00:00:00,Active
95,561,Retirement,EUR,2023-04-13 00:00:00,Active
96,504,Retirement,USD,2021-11-15 00:00:00,Closed
97,505,Brokerage,CAD,2024-10-28 00:00:00,Active
98,483,Brokerage,EUR,2022-08-29 00:00:00,Closed
99,805,Retirement,CAD,2023-05-05 00:00:00,Active
100,346,Advisory,USD,2021-08-31 00:00:00,Active
101,739,Retirement,USD,2020-03-19 00:00:00,Active
102,520,Brokerage,GBP,2022-10-20 00:00:00,Closed
103,315,Brokerage,GBP,2026-02-23 00:00:00,Active
104,74,Retirement,EUR,2020-01-10 00:00:00,Active
105,631,Retirement,GBP,2022-09-06 00:00:00,Active
106,478,Brokerage,USD,2016-08-10 00:00:00,Active
107,552,Advisory,USD,2022-12-25 00:00:00,Active
108,270,Retirement,EUR,2022-08-02 00:00:00,Active
109,474,Advisory,USD,2018-02-10 00:00:00,Restricted
110,884,Advisory,GBP,2018-06-24 00:00:00,Active
111,128,Retirement,EUR,2016-03-03 00:00:00,Active
112,442,Brokerage,GBP,2022-07-15 00:00:00,Active
113,688,Retirement,GBP,2021-12-13 00:00:00,Active
114,21,Brokerage,EUR,2021-04-30 00:00:00,Active
115,714,Trust,USD,2026-01-29 00:00:00,Closed
116,169,Brokerage,EUR,2016-03-30 00:00:00,Active
117,111,Retirement,USD,2026-03-28 00:00:00,Closed
118,389,Trust,EUR,2020-10-04 00:00:00,Active
119,275,Advisory,GBP,2022-02-03 00:00:00,Active
120,791,Advisory,USD,2024-09-30 00:00:00,Active
121,90,Brokerage,GBP,2016-05-25 00:00:00,Active
122,150,Advisory,EUR,2020-05-20 00:00:00,Active
123,649,Brokerage,GBP,2025-03-25 00:00:00,Active
124,777,Brokerage,USD,2020-02-09 00:00:00,Active
125,492,Advisory,CAD,2017-07-30 00:00:00,Active
126,362,Advisory,USD,2018-11-15 00:00:00,Closed
127,928,Retirement,USD,2023-08-28 00:00:00,Closed
128,839,Retirement,CAD,2020-04-02 00:00:00,Active
129,436,Brokerage,USD,2019-11-19 00:00:00,Active
130,511,Brokerage,EUR,2026-03-14 00:00:00,Active
131,443,Retirement,CAD,2019-02-28 00:00:00,Active
132,35,Retirement,GBP,2023-01-01 00:00:00,Active
133,542,Advisory,GBP,2018-01-27 00:00:00,Active
134,281,Retirement,CAD,2025-06-27 00:00:00,Active
135,945,Trust,GBP,2024-07-12 00:00:00,Active
136,74,Advisory,EUR,2023-11-13 00:00:00,Active
137,334,Brokerage,EUR,2018-09-25 00:00:00,Active
138,751,Retirement,USD,2019-08-20 00:00:00,Active
139,545,Advisory,GBP,2020-12-09 00:00:00,Active
140,206,Advisory,EUR,2017-06-18 00:00:00,Active
141,199,Brokerage,GBP,2025-12-15 00:00:00,Active
142,668,Retirement,EUR,2023-12-26 00:00:00,Active
143,227,Retirement,GBP,2025-04-04 00:00:00,Active
144,777,Trust,USD,2024-06-05 00:00:00,Active
145,369,Trust,GBP,2025-01-16 00:00:00,Active
146,204,Trust,CAD,2018-08-24 00:00:00,Active
147,830,Trust,CAD,2024-12-24 00:00:00,Active
148,449,Brokerage,GBP,2023-10-29 00:00:00,Active
149,440,Retirement,GBP,2018-01-29 00:00:00,Active
150,688,Trust,GBP,2017-11-05 00:00:00,Active
151,725,Brokerage,EUR,2016-04-18 00:00:00,Active
152,822,Brokerage,USD,2022-12-13 00:00:00,Active
153,352,Retirement,CAD,2018-09-19 00:00:00,Active
154,636,Brokerage,EUR,2025-08-14 00:00:00,Active
155,170,Retirement,EUR,2018-05-24 00:00:00,Active
156,89,Retirement,USD,2017-07-31 00:00:00,Active
157,763,Brokerage,EUR,2016-04-02 00:00:00,Closed
158,89,Brokerage,USD,2024-08-31 00:00:00,Active
159,780,Brokerage,EUR,2023-05-20 00:00:00,Active
160,23,Trust,EUR,2022-11-03 00:00:00,Active
161,861,Brokerage,EUR,2024-08-12 00:00:00,Active
162,80,Brokerage,EUR,2016-12-06 00:00:00,Closed
163,848,Trust,USD,2023-03-29 00:00:00,Active
164,206,Advisory,EUR,2026-02-04 00:00:00,Active
165,620,Brokerage,USD,2023-03-27 00:00:00,Active
166,125,Advisory,CAD,2021-04-24 00:00:00,Active
167,983,Brokerage,USD,2022-08-22 00:00:00,Active
168,883,Trust,USD,2021-05-11 00:00:00,Active
169,537,Retirement,USD,2024-11-05 00:00:00,Active
170,82,Retirement,EUR,2016-03-08 00:00:00,Active
171,489,Retirement,EUR,2016-11-01 00:00:00,Closed
172,473,Trust,USD,2026-03-19 00:00:00,Active
173,534,Brokerage,USD,2024-06-22 00:00:00,Active
174,393,Retirement,CAD,2018-07-03 00:00:00,Closed
175,73,Retirement,EUR,2024-02-12 00:00:00,Active
176,805,Brokerage,CAD,2025-05-07 00:00:00,Active
177,68,Trust,USD,2018-11-29 00:00:00,Active
178,559,Retirement,GBP,2018-05-26 00:00:00,Active
179,601,Retirement,EUR,2016-06-26 00:00:00,Closed
180,157,Retirement,EUR,2022-01-08 00:00:00,Active
181,912,Advisory,EUR,2017-07-22 00:00:00,Active
182,918,Brokerage,EUR,2016-06-22 00:00:00,Active
183,35,Brokerage,GBP,2026-02-18 00:00:00,Closed
184,140,Brokerage,GBP,2017-06-05 00:00:00,Active
185,717,Brokerage,USD,2017-10-29 00:00:00,Active
186,537,Trust,USD,2017-08-06 00:00:00,Active
187,503,Retirement,CAD,2020-09-11 00:00:00,Active
188,136,Brokerage,USD,2020-09-04 00:00:00,Active
189,530,Retirement,GBP,2024-09-03 00:00:00,Active
190,266,Brokerage,USD,2024-10-20 00:00:00,Closed
191,727,Retirement,USD,2024-11-04 00:00:00,Active
192,720,Brokerage,USD,2018-06-12 00:00:00,Active
193,66,Retirement,USD,2025-10-17 00:00:00,Active
194,382,Brokerage,CAD,2023-01-25 00:00:00,Active
195,373,Retirement,USD,2026-03-11 00:00:00,Active
196,744,Brokerage,EUR,2025-08-20 00:00:00,Active
197,125,Advisory,CAD,2020-09-26 00:00:00,Closed
198,714,Advisory,USD,2021-02-10 00:00:00,Active
199,944,Brokerage,GBP,2017-05-25 00:00:00,Active
200,763,Brokerage,EUR,2017-03-28 00:00:00,Active
201,342,Advisory,CAD,2016-08-13 00:00:00,Active
202,11,Brokerage,USD,2023-09-14 00:00:00,Active
203,190,Retirement,EUR,2023-01-05 00:00:00,Active
204,304,Retirement,USD,2018-02-11 00:00:00,Restricted
205,869,Brokerage,EUR,2022-05-28 00:00:00,Closed
206,787,Retirement,CAD,2024-07-06 00:00:00,Active
207,68,Retirement,USD,2025-12-26 00:00:00,Active
208,473,Advisory,USD,2024-02-22 00:00:00,Active
209,981,Retirement,USD,2023-10-17 00:00:00,Active
210,352,Advisory,CAD,2018-03-17 00:00:00,Active
211,954,Retirement,GBP,2020-05-02 00:00:00,Active
212,909,Retirement,EUR,2025-08-09 00:00:00,Active
213,203,Advisory,EUR,2017-07-02 00:00:00,Active
214,534,Trust,USD,2022-09-07 00:00:00,Active
215,410,Advisory,USD,2016-04-01 00:00:00,Active
216,608,Retirement,USD,2021-11-14 00:00:00,Active
217,530,Brokerage,GBP,2022-06-03 00:00:00,Active
218,541,Advisory,USD,2021-06-07 00:00:00,Active
219,721,Retirement,EUR,2024-09-09 00:00:00,Active
220,395,Advisory,USD,2017-07-30 00:00:00,Active
221,173,Brokerage,CAD,2024-01-20 00:00:00,Active
222,622,Trust,EUR,2023-12-29 00:00:00,Active
223,996,Brokerage,USD,2024-06-09 00:00:00,Active
224,417,Brokerage,USD,2025-05-14 00:00:00,Active
225,927,Brokerage,GBP,2025-12-10 00:00:00,Active
226,501,Brokerage,USD,2026-01-09 00:00:00,Active
227,402,Retirement,USD,2025-09-25 00:00:00,Active
228,846,Trust,EUR,2019-03-12 00:00:00,Active
229,703,Advisory,EUR,2025-12-19 00:00:00,Active
230,926,Brokerage,USD,2022-06-19 00:00:00,Active
231,396,Trust,GBP,2024-03-08 00:00:00,Active
232,204,Brokerage,CAD,2022-05-04 00:00:00,Active
233,940,Brokerage,USD,2018-04-23 00:00:00,Active
234,974,Retirement,GBP,2019-09-18 00:00:00,Active
235,797,Trust,GBP,2025-02-02 00:00:00,Active
236,376,Brokerage,USD,2023-11-27 00:00:00,Active
237,581,Brokerage,EUR,2023-11-07 00:00:00,Active
238,183,Brokerage,USD,2020-01-14 00:00:00,Active
239,2,Retirement,USD,2025-07-05 00:00:00,Active
240,264,Trust,USD,2024-10-07 00:00:00,Active
241,658,Retirement,EUR,2025-07-15 00:00:00,Active
242,55,Brokerage,USD,2020-02-05 00:00:00,Active
243,434,Brokerage,USD,2019-10-31 00:00:00,Active
244,622,Retirement,EUR,2018-01-15 00:00:00,Active
245,341,Brokerage,CAD,2017-03-10 00:00:00,Active
246,13,Brokerage,GBP,2020-11-22 00:00:00,Active
247,961,Brokerage,USD,2020-07-26 00:00:00,Active
248,66,Brokerage,USD,2016-08-03 00:00:00,Active
249,705,Brokerage,CAD,2024-08-29 00:00:00,Active
250,832,Trust,CAD,2023-03-31 00:00:00,Active
251,936,Trust,USD,2022-05-21 00:00:00,Active
252,949,Brokerage,EUR,2024-09-06 00:00:00,Active
253,861,Retirement,EUR,2017-10-04 00:00:00,Active
254,627,Brokerage,EUR,2021-06-24 00:00:00,Active
255,635,Brokerage,GBP,2016-02-05 00:00:00,Active
256,973,Brokerage,USD,2016-04-15 00:00:00,Active
257,161,Brokerage,GBP,2016-03-23 00:00:00,Active
258,4,Retirement,EUR,2024-12-05 00:00:00,Active
259,476,Advisory,USD,2025-10-03 00:00:00,Active
260,23,Trust,EUR,2026-02-06 00:00:00,Active
261,943,Advisory,EUR,2016-12-05 00:00:00,Active
262,609,Advisory,GBP,2024-06-15 00:00:00,Active
263,955,Brokerage,CAD,2024-06-29 00:00:00,Closed
264,643,Trust,CAD,2021-06-23 00:00:00,Active
265,752,Trust,GBP,2023-05-28 00:00:00,Active
266,299,Retirement,USD,2017-05-22 00:00:00,Active
267,85,Brokerage,CAD,2016-10-25 00:00:00,Active
268,666,Advisory,CAD,2025-02-15 00:00:00,Active
269,524,Brokerage,USD,2019-10-15 00:00:00,Active
270,512,Brokerage,CAD,2020-06-01 00:00:00,Active
271,578,Advisory,CAD,2020-05-23 00:00:00,Active
272,958,Brokerage,GBP,2022-12-14 00:00:00,Active
273,674,Brokerage,GBP,2024-02-15 00:00:00,Active
274,622,Brokerage,EUR,2019-07-21 00:00:00,Active
275,183,Brokerage,USD,2018-10-03 00:00:00,Active
276,3,Retirement,USD,2017-09-05 00:00:00,Closed
277,31,Retirement,USD,2019-06-11 00:00:00,Restricted
278,13,Trust,GBP,2017-06-23 00:00:00,Closed
279,641,Advisory,USD,2024-02-13 00:00:00,Active
280,300,Brokerage,EUR,2018-06-28 00:00:00,Active
281,753,Retirement,USD,2025-11-15 00:00:00,Active
282,971,Trust,GBP,2019-04-29 00:00:00,Active
283,34,Retirement,GBP,2020-05-25 00:00:00,Active
284,348,Brokerage,USD,2024-11-12 00:00:00,Active
285,626,Retirement,GBP,2024-05-23 00:00:00,Active
286,612,Brokerage,USD,2017-01-07 00:00:00,Active
287,924,Advisory,GBP,2017-08-14 00:00:00,Active
288,271,Advisory,USD,2023-11-16 00:00:00,Active
289,186,Retirement,EUR,2019-10-12 00:00:00,Active
290,912,Retirement,EUR,2024-03-25 00:00:00,Active
291,841,Brokerage,EUR,2023-12-17 00:00:00,Active
292,221,Trust,GBP,2017-02-04 00:00:00,Active
293,968,Trust,USD,2021-08-31 00:00:00,Active
294,959,Brokerage,USD,2018-12-24 00:00:00,Active
295,331,Retirement,EUR,2018-12-13 00:00:00,Closed
296,973,Brokerage,USD,2016-11-18 00:00:00,Active
297,599,Advisory,USD,2019-10-07 00:00:00,Active
298,753,Brokerage,USD,2016-03-09 00:00:00,Active
299,402,Trust,USD,2022-06-29 00:00:00,Active
300,895,Trust,USD,2022-11-04 00:00:00,Active
301,23,Trust,EUR,2020-02-14 00:00:00,Active
302,619,Trust,CAD,2020-07-20 00:00:00,Closed
303,236,Advisory,USD,2024-05-18 00:00:00,Active
304,483,Brokerage,EUR,2017-09-05 00:00:00,Closed
305,752,Brokerage,GBP,2020-01-28 00:00:00,Active
306,287,Brokerage,CAD,2016-09-05 00:00:00,Active
307,70,Brokerage,EUR,2020-05-24 00:00:00,Active
308,608,Retirement,USD,2017-02-12 00:00:00,Active
309,50,Brokerage,EUR,2017-10-18 00:00:00,Active
310,713,Trust,EUR,2024-08-16 00:00:00,Active
311,196,Retirement,EUR,2024-03-01 00:00:00,Restricted
312,233,Trust,USD,2023-05-28 00:00:00,Active
313,763,Retirement,EUR,2016-03-27 00:00:00,Active
314,136,Advisory,USD,2025-07-02 00:00:00,Closed
315,605,Trust,GBP,2023-09-27 00:00:00,Active
316,102,Brokerage,EUR,2022-05-14 00:00:00,Active
317,171,Trust,EUR,2019-10-19 00:00:00,Closed
318,640,Advisory,USD,2021-08-08 00:00:00,Active
319,100,Retirement,USD,2025-07-11 00:00:00,Active
320,739,Trust,USD,2016-03-13 00:00:00,Active
321,467,Brokerage,EUR,2016-09-25 00:00:00,Closed
322,618,Retirement,CAD,2023-02-05 00:00:00,Active
323,998,Trust,USD,2023-08-28 00:00:00,Active
324,663,Retirement,USD,2021-05-18 00:00:00,Active
325,679,Brokerage,EUR,2019-11-02 00:00:00,Active
326,464,Advisory,CAD,2022-01-26 00:00:00,Active
327,981,Retirement,USD,2016-08-25 00:00:00,Active
328,628,Retirement,EUR,2018-09-15 00:00:00,Closed
329,995,Brokerage,EUR,2022-09-08 00:00:00,Active
330,679,Trust,EUR,2022-07-17 00:00:00,Closed
331,999,Brokerage,USD,2018-04-20 00:00:00,Active
332,816,Brokerage,GBP,2024-02-26 00:00:00,Active
333,322,Advisory,GBP,2017-04-24 00:00:00,Active
334,222,Brokerage,CAD,2019-01-02 00:00:00,Active
335,493,Brokerage,CAD,2018-04-18 00:00:00,Active
336,297,Retirement,EUR,2018-10-23 00:00:00,Closed
337,756,Trust,EUR,2023-09-07 00:00:00,Active
338,845,Brokerage,CAD,2023-02-04 00:00:00,Active
339,704,Trust,USD,2023-03-25 00:00:00,Active
340,790,Retirement,GBP,2024-06-30 00:00:00,Active
341,76,Retirement,EUR,2019-10-17 00:00:00,Closed
342,150,Retirement,EUR,2020-06-03 00:00:00,Active
343,453,Brokerage,GBP,2020-10-10 00:00:00,Active
344,512,Brokerage,CAD,2024-07-15 00:00:00,Active
345,291,Brokerage,GBP,2024-06-13 00:00:00,Active
346,361,Brokerage,EUR,2025-08-31 00:00:00,Active
347,113,Advisory,USD,2022-11-26 00:00:00,Active
348,282,Retirement,USD,2023-01-05 00:00:00,Active
349,129,Brokerage,EUR,2021-05-28 00:00:00,Active
350,161,Advisory,GBP,2021-12-04 00:00:00,Active
351,929,Advisory,CAD,2020-01-13 00:00:00,Active
352,457,Retirement,USD,2023-10-20 00:00:00,Active
353,916,Retirement,EUR,2021-07-20 00:00:00,Closed
354,233,Retirement,USD,2017-11-18 00:00:00,Active
355,161,Retirement,GBP,2021-06-18 00:00:00,Closed
356,167,Brokerage,USD,2022-06-28 00:00:00,Active
357,474,Trust,USD,2023-07-22 00:00:00,Active
358,739,Brokerage,USD,2017-04-30 00:00:00,Active
359,732,Trust,EUR,2026-01-06 00:00:00,Active
360,653,Retirement,USD,2026-01-10 00:00:00,Active
361,195,Advisory,USD,2022-12-20 00:00:00,Active
362,633,Retirement,GBP,2020-01-10 00:00:00,Active
363,715,Retirement,CAD,2020-01-03 00:00:00,Active
364,261,Brokerage,GBP,2023-03-23 00:00:00,Closed
365,18,Brokerage,USD,2023-01-15 00:00:00,Active
366,821,Trust,USD,2018-08-24 00:00:00,Active
367,893,Retirement,GBP,2023-06-29 00:00:00,Active
368,313,Trust,USD,2026-01-18 00:00:00,Active
369,909,Advisory,EUR,2021-12-17 00:00:00,Active
370,866,Retirement,EUR,2017-03-01 00:00:00,Active
371,23,Brokerage,EUR,2023-09-17 00:00:00,Active
372,418,Brokerage,USD,2020-01-29 00:00:00,Active
373,213,Brokerage,GBP,2019-04-13 00:00:00,Active
374,444,Brokerage,USD,2019-10-23 00:00:00,Active
375,145,Advisory,GBP,2020-04-23 00:00:00,Active
376,777,Retirement,USD,2022-08-23 00:00:00,Active
377,130,Advisory,GBP,2024-05-28 00:00:00,Active
378,436,Trust,USD,2021-06-04 00:00:00,Active
379,169,Brokerage,EUR,2021-08-23 00:00:00,Closed
380,779,Brokerage,CAD,2019-07-29 00:00:00,Active
381,397,Brokerage,USD,2025-01-27 00:00:00,Active
382,724,Brokerage,USD,2016-01-10 00:00:00,Active
383,835,Retirement,EUR,2019-09-08 00:00:00,Closed
384,774,Retirement,CAD,2025-05-16 00:00:00,Active
385,453,Retirement,GBP,2021-02-09 00:00:00,Active
386,876,Brokerage,GBP,2021-11-16 00:00:00,Active
387,609,Retirement,GBP,2025-03-11 00:00:00,Restricted
388,313,Retirement,USD,2021-05-20 00:00:00,Active
389,768,Brokerage,CAD,2016-03-11 00:00:00,Active
390,80,Brokerage,EUR,2017-09-26 00:00:00,Active
391,170,Retirement,EUR,2023-12-18 00:00:00,Active
392,350,Retirement,EUR,2016-02-22 00:00:00,Active
393,228,Brokerage,GBP,2023-09-27 00:00:00,Active
394,591,Retirement,GBP,2018-09-07 00:00:00,Active
395,135,Brokerage,CAD,2020-09-26 00:00:00,Active
396,797,Trust,GBP,2018-08-20 00:00:00,Active
397,45,Brokerage,CAD,2022-11-03 00:00:00,Closed
398,400,Trust,EUR,2021-10-23 00:00:00,Active
399,616,Brokerage,USD,2023-08-29 00:00:00,Active
400,696,Trust,CAD,2023-02-21 00:00:00,Active
401,460,Retirement,CAD,2018-04-24 00:00:00,Active
402,138,Retirement,USD,2025-11-19 00:00:00,Active
403,241,Retirement,USD,2016-10-03 00:00:00,Active
404,563,Advisory,EUR,2020-09-24 00:00:00,Active
405,757,Retirement,USD,2023-11-19 00:00:00,Closed
406,987,Brokerage,USD,2021-12-15 00:00:00,Active
407,216,Trust,GBP,2019-04-07 00:00:00,Active
408,954,Trust,GBP,2017-04-30 00:00:00,Active
409,506,Brokerage,GBP,2016-02-28 00:00:00,Active
410,802,Brokerage,EUR,2025-08-12 00:00:00,Active
411,681,Trust,EUR,2026-01-28 00:00:00,Active
412,834,Brokerage,USD,2017-09-19 00:00:00,Active
413,848,Brokerage,USD,2018-04-18 00:00:00,Active
414,297,Retirement,EUR,2016-07-12 00:00:00,Active
415,368,Trust,USD,2018-12-27 00:00:00,Active
416,142,Retirement,USD,2019-07-20 00:00:00,Active
417,356,Brokerage,USD,2025-05-21 00:00:00,Closed
418,729,Retirement,USD,2023-01-19 00:00:00,Active
419,740,Advisory,GBP,2023-11-07 00:00:00,Active
420,901,Retirement,CAD,2024-11-18 00:00:00,Closed
421,232,Trust,USD,2020-06-11 00:00:00,Active
422,622,Trust,EUR,2020-08-30 00:00:00,Active
423,268,Brokerage,USD,2019-06-25 00:00:00,Active
424,729,Retirement,USD,2022-03-10 00:00:00,Active
425,179,Trust,GBP,2016-02-11 00:00:00,Active
426,492,Brokerage,CAD,2021-04-13 00:00:00,Active
427,655,Retirement,EUR,2026-01-02 00:00:00,Active
428,996,Brokerage,USD,2019-02-06 00:00:00,Active
429,74,Retirement,EUR,2020-04-19 00:00:00,Active
430,687,Brokerage,CAD,2020-08-18 00:00:00,Active
431,150,Trust,EUR,2024-07-23 00:00:00,Active
432,936,Trust,USD,2020-05-09 00:00:00,Active
433,398,Trust,GBP,2018-04-27 00:00:00,Closed
434,185,Trust,GBP,2016-08-25 00:00:00,Active
435,861,Brokerage,EUR,2016-09-03 00:00:00,Active
436,488,Brokerage,USD,2017-03-06 00:00:00,Closed
437,585,Brokerage,EUR,2020-01-30 00:00:00,Active
438,392,Retirement,USD,2023-11-01 00:00:00,Active
439,303,Advisory,USD,2016-05-31 00:00:00,Active
440,723,Brokerage,CAD,2021-05-26 00:00:00,Active
441,915,Trust,CAD,2023-10-31 00:00:00,Active
442,220,Brokerage,USD,2018-09-10 00:00:00,Active
443,961,Brokerage,USD,2023-01-17 00:00:00,Closed
444,347,Brokerage,USD,2025-02-08 00:00:00,Active
445,368,Brokerage,USD,2018-11-19 00:00:00,Active
446,51,Brokerage,USD,2019-01-17 00:00:00,Active
447,577,Advisory,EUR,2022-02-07 00:00:00,Active
448,213,Brokerage,GBP,2018-10-04 00:00:00,Active
449,441,Trust,GBP,2020-12-16 00:00:00,Active
450,591,Brokerage,GBP,2016-01-21 00:00:00,Active
451,944,Brokerage,GBP,2020-03-14 00:00:00,Active
452,326,Retirement,GBP,2020-06-30 00:00:00,Closed
453,217,Retirement,USD,2016-05-05 00:00:00,Active
454,299,Retirement,USD,2023-02-09 00:00:00,Active
455,792,Advisory,USD,2020-01-21 00:00:00,Active
456,507,Brokerage,GBP,2023-06-13 00:00:00,Active
457,392,Brokerage,USD,2023-04-26 00:00:00,Active
458,201,Retirement,GBP,2021-04-11 00:00:00,Active
459,815,Brokerage,USD,2018-05-17 00:00:00,Active
460,232,Retirement,USD,2025-11-23 00:00:00,Active
461,861,Retirement,EUR,2023-08-25 00:00:00,Active
462,485,Retirement,USD,2021-12-19 00:00:00,Active
463,534,Trust,USD,2021-08-19 00:00:00,Active
464,878,Trust,USD,2020-03-14 00:00:00,Active
465,814,Brokerage,CAD,2019-02-04 00:00:00,Active
466,347,Brokerage,USD,2021-03-07 00:00:00,Active
467,886,Brokerage,EUR,2018-02-15 00:00:00,Active
468,686,Advisory,CAD,2022-11-29 00:00:00,Active
469,971,Brokerage,GBP,2019-03-20 00:00:00,Closed
470,933,Brokerage,GBP,2019-10-07 00:00:00,Restricted
471,50,Retirement,EUR,2021-11-22 00:00:00,Active
472,52,Trust,EUR,2022-05-06 00:00:00,Active
473,17,Brokerage,USD,2022-05-20 00:00:00,Restricted
474,708,Brokerage,CAD,2021-10-20 00:00:00,Active
475,303,Advisory,USD,2019-05-24 00:00:00,Active
476,602,Retirement,EUR,2018-09-29 00:00:00,Closed
477,74,Brokerage,EUR,2021-01-13 00:00:00,Active
478,340,Brokerage,USD,2018-03-30 00:00:00,Active
479,428,Trust,GBP,2018-08-24 00:00:00,Active
480,428,Retirement,GBP,2024-06-05 00:00:00,Closed
481,979,Retirement,GBP,2022-11-15 00:00:00,Active
482,943,Trust,EUR,2021-05-17 00:00:00,Active
483,217,Brokerage,USD,2024-02-28 00:00:00,Active
484,744,Trust,EUR,2018-05-17 00:00:00,Active
485,886,Brokerage,EUR,2017-11-05 00:00:00,Active
486,46,Brokerage,USD,2016-12-23 00:00:00,Active
487,615,Advisory,USD,2025-07-08 00:00:00,Active
488,818,Brokerage,USD,2019-05-02 00:00:00,Active
489,500,Retirement,EUR,2020-10-14 00:00:00,Active
490,598,Brokerage,GBP,2025-10-07 00:00:00,Active
491,827,Retirement,USD,2018-10-20 00:00:00,Active
492,127,Advisory,USD,2025-06-12 00:00:00,Active
493,701,Trust,CAD,2023-09-01 00:00:00,Active
494,554,Trust,EUR,2016-02-07 00:00:00,Active
495,947,Retirement,GBP,2016-01-27 00:00:00,Active
496,907,Advisory,EUR,2016-11-13 00:00:00,Active
497,204,Brokerage,CAD,2019-10-01 00:00:00,Active
498,422,Retirement,USD,2025-07-08 00:00:00,Active
499,735,Advisory,EUR,2021-07-09 00:00:00,Active
500,299,Brokerage,USD,2022-09-27 00:00:00,Active
501,129,Brokerage,EUR,2017-09-16 00:00:00,Active
502,606,Trust,EUR,2017-08-24 00:00:00,Restricted
503,808,Trust,CAD,2021-11-03 00:00:00,Active
504,481,Retirement,USD,2026-02-26 00:00:00,Active
505,56,Brokerage,USD,2025-07-13 00:00:00,Active
506,590,Retirement,USD,2024-05-15 00:00:00,Active
507,901,Retirement,CAD,2022-08-06 00:00:00,Active
508,860,Trust,CAD,2024-06-17 00:00:00,Active
509,66,Trust,USD,2019-09-17 00:00:00,Active
510,492,Retirement,CAD,2024-12-03 00:00:00,Active
511,983,Retirement,USD,2020-01-05 00:00:00,Active
512,3,Brokerage,USD,2023-10-31 00:00:00,Active
513,988,Trust,USD,2016-12-24 00:00:00,Closed
514,53,Brokerage,EUR,2023-01-16 00:00:00,Closed
515,281,Retirement,CAD,2017-01-26 00:00:00,Active
516,365,Brokerage,USD,2021-07-25 00:00:00,Active
517,123,Brokerage,USD,2025-10-29 00:00:00,Active
518,685,Brokerage,USD,2020-04-18 00:00:00,Active
519,61,Retirement,EUR,2025-10-12 00:00:00,Active
520,856,Retirement,GBP,2023-10-24 00:00:00,Active
521,714,Brokerage,USD,2023-02-23 00:00:00,Closed
522,381,Retirement,USD,2020-05-04 00:00:00,Active
523,779,Retirement,CAD,2023-04-17 00:00:00,Active
524,153,Brokerage,USD,2020-05-31 00:00:00,Active
525,575,Retirement,GBP,2016-10-19 00:00:00,Active
526,959,Brokerage,USD,2021-05-06 00:00:00,Active
527,810,Brokerage,EUR,2022-06-07 00:00:00,Active
528,868,Trust,USD,2016-06-18 00:00:00,Active
529,204,Brokerage,CAD,2025-12-15 00:00:00,Active
530,130,Brokerage,GBP,2024-06-20 00:00:00,Active
531,84,Trust,GBP,2020-09-17 00:00:00,Active
532,383,Brokerage,EUR,2019-11-02 00:00:00,Active
533,932,Brokerage,USD,2024-04-10 00:00:00,Active
534,855,Brokerage,CAD,2017-12-26 00:00:00,Active
535,69,Retirement,USD,2023-10-20 00:00:00,Active
536,829,Trust,GBP,2016-10-28 00:00:00,Active
537,758,Brokerage,EUR,2018-09-08 00:00:00,Active
538,912,Retirement,EUR,2020-12-02 00:00:00,Active
539,793,Brokerage,EUR,2016-06-01 00:00:00,Active
540,282,Brokerage,USD,2022-12-03 00:00:00,Active
541,757,Retirement,USD,2025-12-28 00:00:00,Active
542,56,Advisory,USD,2016-05-19 00:00:00,Closed
543,537,Brokerage,USD,2021-08-08 00:00:00,Closed
544,706,Brokerage,USD,2021-08-18 00:00:00,Active
545,154,Brokerage,USD,2021-08-05 00:00:00,Active
546,730,Brokerage,USD,2016-08-27 00:00:00,Active
547,121,Retirement,CAD,2025-08-22 00:00:00,Active
548,531,Advisory,USD,2021-03-24 00:00:00,Restricted
549,979,Brokerage,GBP,2020-01-07 00:00:00,Active
550,388,Retirement,EUR,2022-06-27 00:00:00,Restricted
551,758,Brokerage,EUR,2019-10-21 00:00:00,Active
552,168,Brokerage,CAD,2016-04-24 00:00:00,Active
553,858,Brokerage,GBP,2021-03-27 00:00:00,Active
554,255,Brokerage,USD,2026-02-14 00:00:00,Active
555,104,Brokerage,USD,2018-09-25 00:00:00,Active
556,700,Trust,EUR,2021-09-16 00:00:00,Active
557,892,Brokerage,EUR,2017-09-21 00:00:00,Active
558,995,Brokerage,EUR,2020-08-28 00:00:00,Active
559,36,Retirement,USD,2016-11-20 00:00:00,Active
560,375,Advisory,EUR,2025-06-05 00:00:00,Active
561,700,Brokerage,EUR,2017-04-15 00:00:00,Active
562,493,Retirement,CAD,2022-10-23 00:00:00,Active
563,826,Brokerage,EUR,2024-03-29 00:00:00,Closed
564,145,Brokerage,GBP,2023-09-08 00:00:00,Active
565,639,Retirement,EUR,2018-04-30 00:00:00,Active
566,185,Retirement,GBP,2023-07-31 00:00:00,Active
567,413,Advisory,CAD,2023-04-17 00:00:00,Active
568,537,Brokerage,USD,2017-09-08 00:00:00,Active
569,862,Retirement,CAD,2019-02-07 00:00:00,Active
570,404,Brokerage,USD,2023-06-29 00:00:00,Active
571,844,Advisory,EUR,2019-09-27 00:00:00,Active
572,331,Brokerage,EUR,2024-05-30 00:00:00,Active
573,943,Retirement,EUR,2024-11-23 00:00:00,Active
574,598,Trust,GBP,2016-05-13 00:00:00,Active
575,588,Retirement,GBP,2018-10-05 00:00:00,Active
576,318,Brokerage,CAD,2017-09-16 00:00:00,Active
577,851,Trust,GBP,2016-09-13 00:00:00,Active
578,796,Trust,USD,2019-10-12 00:00:00,Active
579,476,Advisory,USD,2025-05-26 00:00:00,Active
580,384,Retirement,EUR,2016-06-29 00:00:00,Active
581,974,Brokerage,GBP,2022-01-01 00:00:00,Active
582,356,Trust,USD,2018-03-29 00:00:00,Restricted
583,811,Retirement,EUR,2021-01-26 00:00:00,Active
584,436,Brokerage,USD,2022-10-21 00:00:00,Closed
585,523,Brokerage,CAD,2024-11-12 00:00:00,Active
586,573,Retirement,USD,2021-11-14 00:00:00,Active
587,413,Brokerage,CAD,2024-11-24 00:00:00,Active
588,51,Brokerage,USD,2025-03-18 00:00:00,Active
589,858,Brokerage,GBP,2024-10-06 00:00:00,Closed
590,196,Brokerage,EUR,2016-05-10 00:00:00,Active
591,828,Trust,EUR,2017-06-26 00:00:00,Closed
592,187,Retirement,USD,2021-06-18 00:00:00,Active
593,734,Trust,USD,2018-11-19 00:00:00,Active
594,417,Brokerage,USD,2025-04-20 00:00:00,Closed
595,851,Brokerage,GBP,2025-09-03 00:00:00,Closed
596,655,Advisory,EUR,2021-06-12 00:00:00,Active
597,202,Brokerage,USD,2019-05-08 00:00:00,Active
598,45,Retirement,CAD,2021-04-15 00:00:00,Active
599,125,Brokerage,CAD,2019-03-03 00:00:00,Active
600,223,Trust,USD,2024-03-19 00:00:00,Active
601,607,Retirement,GBP,2025-01-05 00:00:00,Active
602,471,Retirement,USD,2020-11-23 00:00:00,Closed
603,224,Brokerage,CAD,2021-04-07 00:00:00,Active
604,415,Retirement,GBP,2019-01-04 00:00:00,Active
605,797,Retirement,GBP,2022-10-21 00:00:00,Closed
606,941,Brokerage,EUR,2025-11-18 00:00:00,Active
607,926,Brokerage,USD,2022-07-11 00:00:00,Restricted
608,232,Trust,USD,2025-10-28 00:00:00,Active
609,27,Brokerage,GBP,2024-04-14 00:00:00,Active
610,738,Retirement,USD,2023-10-03 00:00:00,Active
611,705,Brokerage,CAD,2016-02-10 00:00:00,Active
612,405,Brokerage,CAD,2018-08-03 00:00:00,Active
613,904,Brokerage,USD,2019-04-06 00:00:00,Active
614,790,Advisory,GBP,2017-09-19 00:00:00,Active
615,851,Brokerage,GBP,2022-12-02 00:00:00,Active
616,102,Brokerage,EUR,2017-05-07 00:00:00,Active
617,379,Retirement,EUR,2022-02-15 00:00:00,Active
618,412,Brokerage,USD,2022-04-21 00:00:00,Active
619,5,Retirement,EUR,2018-06-19 00:00:00,Active
620,752,Retirement,GBP,2018-09-30 00:00:00,Active
621,491,Trust,EUR,2018-05-04 00:00:00,Active
622,30,Brokerage,EUR,2020-09-04 00:00:00,Closed
623,161,Brokerage,GBP,2025-05-10 00:00:00,Active
624,108,Brokerage,EUR,2016-07-17 00:00:00,Active
625,471,Brokerage,USD,2017-04-06 00:00:00,Active
626,217,Brokerage,USD,2018-07-15 00:00:00,Restricted
627,536,Retirement,GBP,2021-06-15 00:00:00,Active
628,428,Brokerage,GBP,2020-06-29 00:00:00,Active
629,552,Brokerage,USD,2020-11-22 00:00:00,Closed
630,36,Retirement,USD,2024-04-03 00:00:00,Active
631,962,Brokerage,EUR,2021-11-08 00:00:00,Active
632,359,Brokerage,EUR,2020-10-10 00:00:00,Active
633,297,Brokerage,EUR,2018-12-15 00:00:00,Active
634,371,Brokerage,CAD,2017-05-11 00:00:00,Restricted
635,874,Brokerage,USD,2018-04-18 00:00:00,Active
636,985,Brokerage,EUR,2022-12-13 00:00:00,Active
637,254,Brokerage,GBP,2023-04-20 00:00:00,Restricted
638,375,Brokerage,EUR,2016-10-23 00:00:00,Active
639,498,Brokerage,CAD,2022-03-28 00:00:00,Closed
640,33,Trust,GBP,2016-05-04 00:00:00,Active
641,525,Advisory,USD,2023-10-11 00:00:00,Active
642,318,Advisory,CAD,2022-02-11 00:00:00,Active
643,297,Brokerage,EUR,2025-01-21 00:00:00,Active
644,190,Trust,EUR,2020-05-26 00:00:00,Active
645,730,Brokerage,USD,2020-03-27 00:00:00,Active
646,97,Brokerage,USD,2016-10-04 00:00:00,Active
647,837,Brokerage,USD,2018-10-31 00:00:00,Active
648,76,Brokerage,EUR,2017-11-08 00:00:00,Active
649,100,Retirement,USD,2021-10-11 00:00:00,Active
650,942,Retirement,EUR,2023-08-26 00:00:00,Active
651,349,Trust,CAD,2022-04-09 00:00:00,Active
652,11,Trust,USD,2024-05-09 00:00:00,Active
653,237,Trust,USD,2019-12-15 00:00:00,Active
654,291,Brokerage,GBP,2017-06-03 00:00:00,Active
655,645,Trust,USD,2025-04-15 00:00:00,Active
656,162,Brokerage,EUR,2025-09-27 00:00:00,Active
657,205,Retirement,EUR,2025-09-05 00:00:00,Active
658,481,Advisory,USD,2017-09-04 00:00:00,Active
659,691,Brokerage,USD,2023-11-16 00:00:00,Active
660,834,Advisory,USD,2019-11-15 00:00:00,Active
661,908,Brokerage,CAD,2022-02-07 00:00:00,Active
662,746,Retirement,GBP,2022-10-29 00:00:00,Active
663,842,Brokerage,GBP,2022-08-12 00:00:00,Active
664,702,Advisory,USD,2017-11-11 00:00:00,Active
665,79,Brokerage,USD,2023-10-17 00:00:00,Active
666,443,Advisory,CAD,2022-12-15 00:00:00,Restricted
667,553,Brokerage,GBP,2026-03-31 00:00:00,Active
668,679,Brokerage,EUR,2019-07-02 00:00:00,Active
669,848,Brokerage,USD,2019-03-01 00:00:00,Active
670,474,Retirement,USD,2020-12-07 00:00:00,Active
671,461,Brokerage,GBP,2023-01-11 00:00:00,Active
672,71,Advisory,USD,2018-07-12 00:00:00,Active
673,357,Brokerage,USD,2023-03-29 00:00:00,Active
674,155,Brokerage,EUR,2020-05-23 00:00:00,Active
675,157,Brokerage,EUR,2019-02-11 00:00:00,Active
676,424,Brokerage,EUR,2025-07-04 00:00:00,Active
677,571,Advisory,GBP,2025-10-16 00:00:00,Active
678,26,Advisory,USD,2021-10-03 00:00:00,Active
679,527,Brokerage,USD,2018-08-25 00:00:00,Active
680,881,Brokerage,EUR,2026-01-14 00:00:00,Active
681,166,Advisory,EUR,2019-07-03 00:00:00,Active
682,342,Trust,CAD,2025-11-25 00:00:00,Active
683,77,Retirement,EUR,2017-10-05 00:00:00,Active
684,977,Trust,GBP,2023-12-07 00:00:00,Closed
685,427,Retirement,CAD,2021-07-01 00:00:00,Active
686,894,Retirement,USD,2020-03-12 00:00:00,Restricted
687,177,Brokerage,USD,2024-02-09 00:00:00,Active
688,767,Trust,USD,2022-06-23 00:00:00,Restricted
689,758,Advisory,EUR,2022-08-16 00:00:00,Restricted
690,79,Retirement,USD,2025-10-14 00:00:00,Active
691,352,Brokerage,CAD,2016-12-04 00:00:00,Active
692,825,Retirement,USD,2021-06-28 00:00:00,Active
693,578,Advisory,CAD,2017-10-14 00:00:00,Active
694,687,Advisory,CAD,2016-06-20 00:00:00,Active
695,804,Advisory,EUR,2024-03-27 00:00:00,Active
696,225,Retirement,CAD,2020-07-29 00:00:00,Active
697,371,Brokerage,CAD,2017-05-04 00:00:00,Closed
698,855,Brokerage,CAD,2016-06-28 00:00:00,Active
699,126,Trust,CAD,2019-03-14 00:00:00,Active
700,870,Trust,EUR,2016-07-16 00:00:00,Closed
701,353,Advisory,GBP,2017-09-28 00:00:00,Closed
702,792,Retirement,USD,2018-05-12 00:00:00,Active
703,84,Retirement,GBP,2019-07-11 00:00:00,Active
704,861,Brokerage,EUR,2016-06-03 00:00:00,Active
705,238,Retirement,CAD,2018-03-12 00:00:00,Active
706,727,Retirement,USD,2022-01-19 00:00:00,Active
707,186,Brokerage,EUR,2023-05-08 00:00:00,Closed
708,262,Brokerage,USD,2025-09-08 00:00:00,Active
709,215,Brokerage,GBP,2016-10-27 00:00:00,Active
710,341,Brokerage,CAD,2020-07-31 00:00:00,Active
711,120,Retirement,CAD,2018-08-13 00:00:00,Closed
712,318,Brokerage,CAD,2024-08-20 00:00:00,Active
713,895,Brokerage,USD,2016-10-14 00:00:00,Active
714,498,Trust,CAD,2024-12-08 00:00:00,Active
715,335,Trust,USD,2017-03-02 00:00:00,Closed
716,458,Trust,USD,2024-11-02 00:00:00,Active
717,890,Brokerage,EUR,2017-03-07 00:00:00,Active
718,859,Advisory,EUR,2023-08-02 00:00:00,Active
719,408,Brokerage,GBP,2021-04-09 00:00:00,Active
720,884,Trust,GBP,2023-11-02 00:00:00,Active
721,577,Retirement,EUR,2018-08-14 00:00:00,Active
722,671,Brokerage,USD,2023-06-10 00:00:00,Active
723,796,Brokerage,USD,2020-08-14 00:00:00,Active
724,621,Retirement,CAD,2023-03-16 00:00:00,Active
725,191,Brokerage,USD,2017-05-22 00:00:00,Active
726,889,Retirement,GBP,2025-10-06 00:00:00,Restricted
727,375,Retirement,EUR,2023-07-21 00:00:00,Active
728,366,Trust,EUR,2025-06-20 00:00:00,Active
729,187,Brokerage,USD,2017-08-22 00:00:00,Closed
730,846,Brokerage,EUR,2019-09-02 00:00:00,Active
731,502,Brokerage,GBP,2020-04-08 00:00:00,Active
732,366,Retirement,EUR,2024-06-01 00:00:00,Active
733,552,Trust,USD,2019-07-10 00:00:00,Active
734,896,Brokerage,USD,2024-08-12 00:00:00,Active
735,225,Retirement,CAD,2023-05-15 00:00:00,Active
736,83,Brokerage,EUR,2025-08-17 00:00:00,Active
737,399,Brokerage,USD,2017-06-26 00:00:00,Active
738,433,Brokerage,USD,2021-12-11 00:00:00,Closed
739,167,Brokerage,USD,2022-11-20 00:00:00,Active
740,726,Retirement,EUR,2023-12-09 00:00:00,Active
741,637,Trust,USD,2020-02-03 00:00:00,Closed
742,364,Brokerage,USD,2018-11-20 00:00:00,Active
743,855,Brokerage,CAD,2020-02-17 00:00:00,Active
744,85,Brokerage,CAD,2018-08-04 00:00:00,Active
745,673,Brokerage,CAD,2021-03-08 00:00:00,Active
746,238,Retirement,CAD,2021-06-06 00:00:00,Active
747,332,Brokerage,CAD,2025-02-10 00:00:00,Closed
748,926,Brokerage,USD,2025-03-06 00:00:00,Active
749,124,Brokerage,GBP,2020-04-12 00:00:00,Active
750,723,Brokerage,CAD,2025-07-30 00:00:00,Active
751,153,Retirement,USD,2016-11-09 00:00:00,Active
752,574,Trust,CAD,2016-08-12 00:00:00,Active
753,215,Retirement,GBP,2023-11-11 00:00:00,Restricted
754,53,Brokerage,EUR,2018-06-22 00:00:00,Closed
755,273,Brokerage,USD,2024-01-22 00:00:00,Active
756,141,Trust,USD,2025-05-20 00:00:00,Active
757,980,Brokerage,EUR,2019-07-30 00:00:00,Active
758,679,Brokerage,EUR,2024-07-14 00:00:00,Active
759,942,Trust,EUR,2023-02-07 00:00:00,Active
760,505,Brokerage,CAD,2025-09-09 00:00:00,Active
761,335,Retirement,USD,2018-02-24 00:00:00,Active
762,300,Brokerage,EUR,2017-05-21 00:00:00,Active
763,816,Retirement,GBP,2023-05-14 00:00:00,Active
764,522,Advisory,GBP,2016-07-01 00:00:00,Restricted
765,73,Brokerage,EUR,2022-11-13 00:00:00,Active
766,502,Brokerage,GBP,2018-07-25 00:00:00,Active
767,822,Brokerage,USD,2026-02-06 00:00:00,Active
768,475,Advisory,CAD,2017-09-24 00:00:00,Active
769,399,Retirement,USD,2022-12-16 00:00:00,Active
770,434,Advisory,USD,2019-08-17 00:00:00,Active
771,293,Brokerage,GBP,2018-02-14 00:00:00,Active
772,146,Brokerage,EUR,2023-05-15 00:00:00,Closed
773,847,Brokerage,USD,2017-05-22 00:00:00,Active
774,464,Retirement,CAD,2022-08-08 00:00:00,Active
775,496,Trust,CAD,2022-05-11 00:00:00,Active
776,172,Retirement,USD,2024-11-13 00:00:00,Active
777,449,Retirement,GBP,2017-06-19 00:00:00,Active
778,326,Brokerage,GBP,2019-05-23 00:00:00,Active
779,347,Retirement,USD,2016-01-26 00:00:00,Active
780,69,Brokerage,USD,2025-01-26 00:00:00,Active
781,266,Trust,USD,2025-02-28 00:00:00,Active
782,228,Brokerage,GBP,2018-04-30 00:00:00,Active
783,67,Brokerage,EUR,2023-03-27 00:00:00,Active
784,916,Brokerage,EUR,2021-11-16 00:00:00,Active
785,357,Advisory,USD,2017-07-15 00:00:00,Active
786,155,Brokerage,EUR,2018-01-10 00:00:00,Active
787,92,Brokerage,CAD,2023-07-25 00:00:00,Active
788,860,Brokerage,CAD,2022-07-20 00:00:00,Active
789,996,Brokerage,USD,2017-12-05 00:00:00,Active
790,165,Brokerage,EUR,2019-08-28 00:00:00,Active
791,12,Retirement,EUR,2016-04-29 00:00:00,Restricted
792,515,Advisory,USD,2024-01-03 00:00:00,Restricted
793,390,Advisory,USD,2025-07-04 00:00:00,Active
794,1000,Brokerage,USD,2020-05-27 00:00:00,Active
795,144,Trust,EUR,2024-08-12 00:00:00,Active
796,349,Brokerage,CAD,2023-01-31 00:00:00,Active
797,491,Advisory,EUR,2016-01-29 00:00:00,Active
798,155,Brokerage,EUR,2024-06-29 00:00:00,Active
799,538,Brokerage,EUR,2020-05-11 00:00:00,Active
800,620,Advisory,USD,2020-05-25 00:00:00,Active
801,139,Retirement,GBP,2025-10-11 00:00:00,Active
802,847,Brokerage,USD,2023-04-28 00:00:00,Active
803,16,Retirement,EUR,2025-09-03 00:00:00,Active
804,57,Trust,GBP,2019-03-21 00:00:00,Active
805,753,Retirement,USD,2024-01-09 00:00:00,Closed
806,425,Trust,USD,2018-07-26 00:00:00,Active
807,135,Trust,CAD,2018-08-03 00:00:00,Active
808,978,Advisory,USD,2025-07-20 00:00:00,Active
809,868,Retirement,USD,2017-01-23 00:00:00,Active
810,709,Retirement,GBP,2016-09-20 00:00:00,Active
811,672,Trust,USD,2023-04-20 00:00:00,Restricted
812,619,Brokerage,CAD,2021-07-23 00:00:00,Active
813,632,Brokerage,USD,2019-07-07 00:00:00,Active
814,617,Retirement,USD,2017-07-09 00:00:00,Active
815,83,Brokerage,EUR,2019-11-11 00:00:00,Active
816,268,Trust,USD,2018-05-26 00:00:00,Active
817,134,Retirement,CAD,2025-02-21 00:00:00,Active
818,616,Trust,USD,2021-09-23 00:00:00,Closed
819,888,Trust,GBP,2016-07-16 00:00:00,Active
820,645,Retirement,USD,2020-11-15 00:00:00,Active
821,252,Trust,GBP,2021-04-11 00:00:00,Closed
822,250,Brokerage,EUR,2016-04-23 00:00:00,Active
823,883,Brokerage,USD,2024-04-17 00:00:00,Active
824,300,Trust,EUR,2020-01-19 00:00:00,Active
825,293,Brokerage,GBP,2018-09-25 00:00:00,Active
826,188,Brokerage,EUR,2016-09-27 00:00:00,Active
827,693,Brokerage,USD,2016-03-27 00:00:00,Active
828,32,Advisory,GBP,2025-02-03 00:00:00,Active
829,898,Brokerage,EUR,2023-11-13 00:00:00,Active
830,271,Brokerage,USD,2016-11-21 00:00:00,Active
831,835,Retirement,EUR,2025-01-10 00:00:00,Active
832,247,Brokerage,CAD,2022-01-01 00:00:00,Active
833,279,Brokerage,EUR,2018-10-14 00:00:00,Active
834,204,Brokerage,CAD,2025-04-03 00:00:00,Closed
835,190,Brokerage,EUR,2018-11-22 00:00:00,Active
836,528,Retirement,USD,2025-11-09 00:00:00,Active
837,495,Brokerage,USD,2021-12-20 00:00:00,Active
838,37,Trust,GBP,2018-04-26 00:00:00,Active
839,67,Advisory,EUR,2025-10-27 00:00:00,Active
840,976,Retirement,USD,2021-08-29 00:00:00,Active
841,324,Retirement,USD,2019-12-22 00:00:00,Active
842,192,Brokerage,EUR,2017-06-18 00:00:00,Active
843,253,Retirement,EUR,2016-01-04 00:00:00,Active
844,449,Brokerage,GBP,2022-05-20 00:00:00,Active
845,599,Brokerage,USD,2024-10-19 00:00:00,Active
846,462,Advisory,GBP,2017-08-26 00:00:00,Active
847,379,Retirement,EUR,2017-06-29 00:00:00,Active
848,510,Advisory,GBP,2021-01-30 00:00:00,Active
849,259,Trust,USD,2020-12-31 00:00:00,Active
850,492,Retirement,CAD,2017-05-22 00:00:00,Active
851,184,Advisory,EUR,2025-04-01 00:00:00,Active
852,678,Brokerage,GBP,2016-11-13 00:00:00,Active
853,555,Retirement,USD,2026-03-24 00:00:00,Active
854,872,Retirement,EUR,2019-12-31 00:00:00,Active
855,205,Brokerage,EUR,2023-03-23 00:00:00,Closed
856,548,Trust,USD,2016-01-02 00:00:00,Active
857,122,Brokerage,USD,2016-02-16 00:00:00,Active
858,178,Brokerage,USD,2024-12-07 00:00:00,Active
859,392,Brokerage,USD,2019-05-01 00:00:00,Active
860,546,Trust,EUR,2023-03-25 00:00:00,Closed
861,337,Brokerage,GBP,2016-04-28 00:00:00,Active
862,351,Brokerage,EUR,2022-11-28 00:00:00,Active
863,261,Retirement,GBP,2022-02-03 00:00:00,Active
864,877,Advisory,EUR,2023-05-17 00:00:00,Active
865,685,Advisory,USD,2022-09-23 00:00:00,Active
866,819,Brokerage,EUR,2018-11-18 00:00:00,Closed
867,913,Brokerage,EUR,2018-09-19 00:00:00,Closed
868,686,Brokerage,CAD,2023-04-14 00:00:00,Closed
869,372,Retirement,EUR,2022-05-08 00:00:00,Restricted
870,981,Retirement,USD,2016-01-06 00:00:00,Active
871,692,Brokerage,GBP,2020-02-12 00:00:00,Active
872,327,Retirement,GBP,2019-11-02 00:00:00,Active
873,819,Retirement,EUR,2019-04-15 00:00:00,Active
874,968,Brokerage,USD,2018-06-15 00:00:00,Active
875,529,Trust,EUR,2023-03-05 00:00:00,Active
876,533,Trust,EUR,2023-04-03 00:00:00,Closed
877,681,Brokerage,EUR,2021-08-15 00:00:00,Active
878,865,Brokerage,USD,2024-12-05 00:00:00,Active
879,850,Advisory,GBP,2020-10-12 00:00:00,Active
880,584,Brokerage,EUR,2021-10-07 00:00:00,Active
881,81,Brokerage,USD,2021-11-04 00:00:00,Active
882,556,Retirement,EUR,2026-02-27 00:00:00,Active
883,131,Retirement,EUR,2025-09-25 00:00:00,Active
884,940,Retirement,USD,2018-04-24 00:00:00,Active
885,583,Advisory,EUR,2023-05-21 00:00:00,Restricted
886,859,Retirement,EUR,2018-11-27 00:00:00,Active
887,429,Retirement,EUR,2017-11-13 00:00:00,Active
888,652,Trust,USD,2017-08-11 00:00:00,Active
889,160,Brokerage,GBP,2017-04-09 00:00:00,Active
890,562,Trust,USD,2019-02-06 00:00:00,Active
891,371,Brokerage,CAD,2021-03-27 00:00:00,Active
892,833,Brokerage,GBP,2017-09-28 00:00:00,Active
893,989,Retirement,CAD,2021-01-23 00:00:00,Active
894,872,Retirement,EUR,2021-03-14 00:00:00,Active
895,459,Brokerage,EUR,2025-03-09 00:00:00,Active
896,922,Trust,USD,2024-07-10 00:00:00,Active
897,330,Retirement,CAD,2018-04-28 00:00:00,Active
898,199,Brokerage,GBP,2025-01-05 00:00:00,Active
899,405,Retirement,CAD,2018-08-03 00:00:00,Active
900,778,Trust,USD,2023-12-05 00:00:00,Active
901,452,Retirement,EUR,2021-02-25 00:00:00,Active
902,661,Brokerage,USD,2024-06-10 00:00:00,Active
903,868,Trust,USD,2022-04-30 00:00:00,Active
904,45,Advisory,CAD,2023-02-02 00:00:00,Active
905,377,Brokerage,EUR,2024-12-02 00:00:00,Active
906,236,Brokerage,USD,2022-06-19 00:00:00,Active
907,154,Trust,USD,2025-12-30 00:00:00,Active
908,958,Advisory,GBP,2023-05-18 00:00:00,Active
909,528,Brokerage,USD,2025-07-17 00:00:00,Closed
910,658,Retirement,EUR,2022-07-20 00:00:00,Active
911,25,Brokerage,EUR,2022-08-25 00:00:00,Active
912,828,Brokerage,EUR,2019-01-15 00:00:00,Active
913,344,Trust,EUR,2024-08-14 00:00:00,Active
914,284,Retirement,EUR,2022-06-18 00:00:00,Active
915,447,Trust,CAD,2016-09-06 00:00:00,Active
916,118,Brokerage,GBP,2024-09-11 00:00:00,Active
917,300,Brokerage,EUR,2017-10-02 00:00:00,Active
918,903,Trust,USD,2018-10-12 00:00:00,Active
919,219,Advisory,EUR,2017-10-23 00:00:00,Active
920,759,Brokerage,EUR,2025-10-22 00:00:00,Active
921,110,Retirement,GBP,2016-06-01 00:00:00,Active
922,655,Brokerage,EUR,2024-03-20 00:00:00,Closed
923,443,Brokerage,CAD,2023-07-05 00:00:00,Active
924,252,Retirement,GBP,2023-11-17 00:00:00,Active
925,691,Brokerage,USD,2022-02-21 00:00:00,Active
926,515,Brokerage,USD,2023-09-08 00:00:00,Active
927,240,Brokerage,EUR,2026-03-31 00:00:00,Active
928,117,Retirement,EUR,2024-07-22 00:00:00,Active
929,544,Brokerage,EUR,2024-01-31 00:00:00,Active
930,483,Trust,EUR,2018-09-06 00:00:00,Active
931,714,Retirement,USD,2025-08-10 00:00:00,Active
932,164,Brokerage,USD,2018-07-09 00:00:00,Active
933,461,Retirement,GBP,2021-08-12 00:00:00,Closed
934,125,Brokerage,CAD,2023-05-16 00:00:00,Active
935,164,Brokerage,USD,2019-06-30 00:00:00,Restricted
936,949,Brokerage,EUR,2017-08-03 00:00:00,Active
937,601,Retirement,EUR,2024-07-17 00:00:00,Active
938,289,Brokerage,EUR,2021-02-25 00:00:00,Active
939,429,Brokerage,EUR,2019-04-06 00:00:00,Closed
940,400,Advisory,EUR,2020-02-24 00:00:00,Active
941,41,Brokerage,EUR,2021-12-28 00:00:00,Active
942,392,Brokerage,USD,2020-11-19 00:00:00,Active
943,168,Brokerage,CAD,2024-06-15 00:00:00,Closed
944,312,Brokerage,EUR,2024-08-23 00:00:00,Active
945,261,Brokerage,GBP,2025-08-26 00:00:00,Active
946,147,Retirement,EUR,2016-01-30 00:00:00,Active
947,802,Retirement,EUR,2023-04-30 00:00:00,Active
948,721,Advisory,EUR,2023-05-24 00:00:00,Active
949,566,Advisory,GBP,2025-07-01 00:00:00,Active
950,244,Brokerage,GBP,2016-03-21 00:00:00,Active
951,907,Advisory,EUR,2019-04-17 00:00:00,Closed
952,866,Brokerage,EUR,2020-03-31 00:00:00,Active
953,538,Brokerage,EUR,2025-08-05 00:00:00,Active
954,572,Retirement,USD,2021-03-24 00:00:00,Active
955,959,Advisory,USD,2018-04-24 00:00:00,Active
956,422,Retirement,USD,2024-10-13 00:00:00,Active
957,324,Trust,USD,2022-04-26 00:00:00,Closed
958,369,Advisory,GBP,2019-04-30 00:00:00,Active
959,360,Trust,GBP,2020-01-23 00:00:00,Active
960,879,Brokerage,USD,2022-07-24 00:00:00,Closed
961,149,Brokerage,EUR,2019-01-29 00:00:00,Active
962,911,Brokerage,USD,2022-06-21 00:00:00,Active
963,943,Advisory,EUR,2018-01-27 00:00:00,Active
964,438,Retirement,USD,2019-01-10 00:00:00,Active
965,643,Brokerage,CAD,2025-03-22 00:00:00,Active
966,821,Brokerage,USD,2023-11-29 00:00:00,Closed
967,769,Brokerage,USD,2016-01-12 00:00:00,Active
968,977,Retirement,GBP,2024-04-12 00:00:00,Active
969,77,Brokerage,EUR,2025-01-26 00:00:00,Active
970,567,Brokerage,USD,2024-10-19 00:00:00,Active
971,230,Trust,USD,2020-12-08 00:00:00,Active
972,48,Brokerage,CAD,2018-04-28 00:00:00,Closed
973,182,Trust,USD,2017-05-24 00:00:00,Active
974,185,Brokerage,GBP,2017-01-28 00:00:00,Active
975,812,Advisory,GBP,2024-11-08 00:00:00,Active
976,176,Brokerage,USD,2025-03-08 00:00:00,Active
977,65,Brokerage,EUR,2022-04-25 00:00:00,Active
978,671,Trust,USD,2017-02-10 00:00:00,Active
979,807,Brokerage,USD,2021-10-18 00:00:00,Closed
980,794,Brokerage,GBP,2025-07-20 00:00:00,Active
981,334,Advisory,EUR,2022-04-08 00:00:00,Active
982,170,Retirement,EUR,2026-01-29 00:00:00,Active
983,412,Brokerage,USD,2017-09-01 00:00:00,Active
984,146,Brokerage,EUR,2024-01-01 00:00:00,Active
985,565,Trust,CAD,2017-11-25 00:00:00,Closed
986,494,Advisory,USD,2017-12-14 00:00:00,Active
987,480,Retirement,USD,2016-04-10 00:00:00,Closed
988,920,Advisory,GBP,2018-01-28 00:00:00,Active
989,3,Brokerage,USD,2016-11-03 00:00:00,Active
990,844,Advisory,EUR,2020-02-09 00:00:00,Closed
991,110,Brokerage,GBP,2018-08-12 00:00:00,Active
992,819,Retirement,EUR,2018-08-17 00:00:00,Active
993,79,Brokerage,USD,2025-02-18 00:00:00,Active
994,556,Trust,EUR,2019-02-04 00:00:00,Closed
995,396,Retirement,GBP,2021-01-08 00:00:00,Closed
996,304,Brokerage,USD,2018-05-21 00:00:00,Active
997,870,Brokerage,EUR,2021-05-15 00:00:00,Active
998,134,Advisory,CAD,2025-09-13 00:00:00,Active
999,514,Retirement,USD,2017-05-06 00:00:00,Active
1000,691,Retirement,USD,2023-07-20 00:00:00,Active
1001,616,Brokerage,USD,2024-01-25 00:00:00,Active
1002,658,Brokerage,EUR,2025-02-14 00:00:00,Active
1003,487,Brokerage,GBP,2022-04-06 00:00:00,Active
1004,195,Retirement,USD,2024-10-23 00:00:00,Active
1005,684,Advisory,GBP,2017-12-25 00:00:00,Active
1006,548,Advisory,USD,2016-01-29 00:00:00,Active
1007,829,Trust,GBP,2025-10-06 00:00:00,Active
1008,395,Advisory,USD,2021-06-21 00:00:00,Active
1009,82,Retirement,EUR,2019-09-02 00:00:00,Closed
1010,673,Brokerage,CAD,2021-12-17 00:00:00,Active
1011,485,Advisory,USD,2024-08-30 00:00:00,Active
1012,244,Advisory,GBP,2016-09-02 00:00:00,Active
1013,147,Retirement,EUR,2019-04-23 00:00:00,Active
1014,544,Retirement,EUR,2024-11-08 00:00:00,Active
1015,757,Retirement,USD,2021-12-30 00:00:00,Active
1016,747,Retirement,CAD,2018-07-14 00:00:00,Restricted
1017,985,Trust,EUR,2017-11-06 00:00:00,Active
1018,481,Trust,USD,2020-02-22 00:00:00,Active
1019,991,Trust,GBP,2022-10-14 00:00:00,Active
1020,775,Brokerage,EUR,2022-08-20 00:00:00,Active
1021,143,Retirement,CAD,2021-09-23 00:00:00,Closed
1022,790,Brokerage,GBP,2021-03-31 00:00:00,Active
1023,872,Retirement,EUR,2019-09-23 00:00:00,Active
1024,434,Trust,USD,2017-10-13 00:00:00,Active
1025,419,Retirement,GBP,2025-04-29 00:00:00,Restricted
1026,881,Retirement,EUR,2023-03-04 00:00:00,Active
1027,152,Brokerage,EUR,2017-09-12 00:00:00,Restricted
1028,37,Advisory,GBP,2019-05-13 00:00:00,Active
1029,100,Brokerage,USD,2018-05-11 00:00:00,Active
1030,744,Advisory,EUR,2018-12-02 00:00:00,Active
1031,782,Advisory,GBP,2025-02-14 00:00:00,Active
1032,411,Brokerage,USD,2019-01-08 00:00:00,Active
1033,813,Trust,USD,2020-06-05 00:00:00,Active
1034,259,Brokerage,USD,2021-03-25 00:00:00,Active
1035,63,Advisory,EUR,2016-10-30 00:00:00,Active
1036,960,Brokerage,EUR,2021-12-17 00:00:00,Active
1037,876,Brokerage,GBP,2024-11-26 00:00:00,Closed
1038,419,Trust,GBP,2023-10-18 00:00:00,Active
1039,40,Brokerage,GBP,2021-07-07 00:00:00,Active
1040,705,Retirement,CAD,2024-01-31 00:00:00,Active
1041,473,Brokerage,USD,2022-10-13 00:00:00,Active
1042,890,Retirement,EUR,2021-02-09 00:00:00,Active
1043,566,Trust,GBP,2017-03-12 00:00:00,Active
1044,715,Brokerage,CAD,2022-07-28 00:00:00,Active
1045,514,Trust,USD,2022-08-17 00:00:00,Active
1046,694,Brokerage,EUR,2016-10-02 00:00:00,Active
1047,173,Advisory,CAD,2018-02-17 00:00:00,Active
1048,505,Trust,CAD,2025-02-26 00:00:00,Active
1049,664,Brokerage,EUR,2022-07-11 00:00:00,Closed
1050,542,Brokerage,GBP,2021-11-20 00:00:00,Active
1051,900,Brokerage,USD,2021-12-19 00:00:00,Closed
1052,618,Retirement,CAD,2022-01-10 00:00:00,Active
1053,609,Trust,GBP,2024-08-19 00:00:00,Restricted
1054,146,Advisory,EUR,2022-04-08 00:00:00,Active
1055,9,Brokerage,GBP,2023-11-11 00:00:00,Restricted
1056,812,Brokerage,GBP,2019-06-05 00:00:00,Active
1057,612,Trust,USD,2023-11-17 00:00:00,Active
1058,193,Brokerage,GBP,2021-09-19 00:00:00,Active
1059,410,Retirement,USD,2025-03-19 00:00:00,Active
1060,146,Retirement,EUR,2025-06-05 00:00:00,Closed
1061,500,Brokerage,EUR,2022-05-23 00:00:00,Active
1062,481,Brokerage,USD,2017-07-06 00:00:00,Active
1063,134,Brokerage,CAD,2025-07-12 00:00:00,Active
1064,69,Trust,USD,2017-01-19 00:00:00,Closed
1065,72,Advisory,CAD,2021-05-30 00:00:00,Active
1066,740,Advisory,GBP,2023-11-10 00:00:00,Active
1067,72,Brokerage,CAD,2025-10-23 00:00:00,Active
1068,332,Brokerage,CAD,2025-08-30 00:00:00,Active
1069,600,Brokerage,USD,2024-10-16 00:00:00,Closed
1070,189,Brokerage,CAD,2025-08-24 00:00:00,Active
1071,897,Advisory,USD,2021-10-29 00:00:00,Active
1072,192,Retirement,EUR,2018-12-24 00:00:00,Active
1073,721,Retirement,EUR,2022-06-16 00:00:00,Active
1074,769,Retirement,USD,2025-01-31 00:00:00,Active
1075,193,Brokerage,GBP,2022-07-26 00:00:00,Closed
1076,602,Advisory,EUR,2021-06-22 00:00:00,Active
1077,833,Brokerage,GBP,2016-12-14 00:00:00,Closed
1078,901,Brokerage,CAD,2018-09-19 00:00:00,Active
1079,174,Brokerage,EUR,2022-05-01 00:00:00,Active
1080,414,Trust,EUR,2023-05-18 00:00:00,Active
1081,837,Brokerage,USD,2016-01-09 00:00:00,Active
1082,31,Retirement,USD,2019-06-21 00:00:00,Active
1083,602,Trust,EUR,2018-09-24 00:00:00,Active
1084,900,Advisory,USD,2021-10-11 00:00:00,Active
1085,186,Brokerage,EUR,2018-01-13 00:00:00,Active
1086,844,Brokerage,EUR,2016-09-20 00:00:00,Active
1087,761,Brokerage,GBP,2024-10-06 00:00:00,Closed
1088,739,Brokerage,USD,2016-03-10 00:00:00,Active
1089,633,Retirement,GBP,2024-04-09 00:00:00,Active
1090,988,Brokerage,USD,2025-11-08 00:00:00,Active
1091,913,Brokerage,EUR,2025-09-19 00:00:00,Active
1092,338,Brokerage,EUR,2020-09-05 00:00:00,Active
1093,714,Brokerage,USD,2019-05-18 00:00:00,Active
1094,919,Brokerage,GBP,2019-12-18 00:00:00,Closed
1095,611,Retirement,EUR,2023-07-26 00:00:00,Active
1096,967,Brokerage,GBP,2016-03-28 00:00:00,Active
1097,633,Retirement,GBP,2016-12-18 00:00:00,Active
1098,25,Trust,EUR,2023-07-30 00:00:00,Active
1099,790,Brokerage,GBP,2016-01-15 00:00:00,Active
1100,794,Advisory,GBP,2021-11-17 00:00:00,Active
1101,903,Brokerage,USD,2022-06-06 00:00:00,Restricted
1102,398,Trust,GBP,2018-11-08 00:00:00,Active
1103,36,Retirement,USD,2020-11-15 00:00:00,Active
1104,476,Brokerage,USD,2025-08-18 00:00:00,Active
1105,965,Brokerage,GBP,2023-10-13 00:00:00,Active
1106,789,Brokerage,USD,2019-02-21 00:00:00,Closed
1107,868,Brokerage,USD,2021-05-01 00:00:00,Active
1108,807,Retirement,USD,2024-01-30 00:00:00,Active
1109,881,Retirement,EUR,2019-09-20 00:00:00,Active
1110,373,Brokerage,USD,2024-08-02 00:00:00,Active
1111,605,Brokerage,GBP,2022-04-19 00:00:00,Closed
1112,985,Brokerage,EUR,2025-02-15 00:00:00,Closed
1113,528,Retirement,USD,2016-11-09 00:00:00,Active
1114,629,Advisory,USD,2019-08-06 00:00:00,Active
1115,37,Brokerage,GBP,2018-12-05 00:00:00,Active
1116,434,Brokerage,USD,2018-07-27 00:00:00,Active
1117,179,Trust,GBP,2019-04-02 00:00:00,Closed
1118,542,Brokerage,GBP,2020-09-02 00:00:00,Active
1119,124,Advisory,GBP,2016-11-06 00:00:00,Active
1120,657,Brokerage,USD,2024-09-13 00:00:00,Active
1121,903,Brokerage,USD,2020-12-10 00:00:00,Active
1122,171,Retirement,EUR,2016-05-06 00:00:00,Active
1123,251,Trust,USD,2024-04-17 00:00:00,Active
1124,714,Trust,USD,2022-06-05 00:00:00,Active
1125,508,Advisory,USD,2017-09-21 00:00:00,Active
1126,713,Brokerage,EUR,2018-05-23 00:00:00,Active
1127,331,Advisory,EUR,2020-06-17 00:00:00,Closed
1128,494,Brokerage,USD,2023-02-15 00:00:00,Active
1129,826,Retirement,EUR,2026-01-15 00:00:00,Restricted
1130,570,Advisory,GBP,2022-10-21 00:00:00,Active
1131,755,Brokerage,USD,2016-06-07 00:00:00,Active
1132,474,Brokerage,USD,2021-04-12 00:00:00,Active
1133,616,Retirement,USD,2020-01-21 00:00:00,Active
1134,75,Brokerage,USD,2022-06-21 00:00:00,Active
1135,279,Advisory,EUR,2023-10-19 00:00:00,Active
1136,641,Brokerage,USD,2016-01-08 00:00:00,Active
1137,833,Brokerage,GBP,2020-06-18 00:00:00,Active
1138,670,Advisory,EUR,2024-02-23 00:00:00,Active
1139,552,Brokerage,USD,2020-10-10 00:00:00,Active
1140,996,Advisory,USD,2020-06-19 00:00:00,Active
1141,204,Brokerage,CAD,2022-06-09 00:00:00,Active
1142,956,Brokerage,GBP,2019-06-04 00:00:00,Active
1143,882,Brokerage,EUR,2019-07-07 00:00:00,Active
1144,557,Brokerage,USD,2017-09-25 00:00:00,Closed
1145,303,Advisory,USD,2025-03-08 00:00:00,Restricted
1146,909,Brokerage,EUR,2016-01-13 00:00:00,Active
1147,430,Brokerage,GBP,2016-01-06 00:00:00,Active
1148,905,Trust,CAD,2022-10-12 00:00:00,Closed
1149,699,Trust,EUR,2019-02-13 00:00:00,Active
1150,264,Brokerage,USD,2023-06-26 00:00:00,Restricted
1151,549,Brokerage,GBP,2016-07-27 00:00:00,Closed
1152,87,Brokerage,GBP,2025-10-18 00:00:00,Active
1153,491,Brokerage,EUR,2023-08-31 00:00:00,Active
1154,710,Retirement,USD,2024-07-09 00:00:00,Active
1155,319,Brokerage,EUR,2024-03-16 00:00:00,Active
1156,475,Brokerage,CAD,2021-05-11 00:00:00,Active
1157,586,Advisory,EUR,2021-02-24 00:00:00,Active
1158,415,Advisory,GBP,2024-05-16 00:00:00,Closed
1159,224,Brokerage,CAD,2024-04-20 00:00:00,Active
1160,478,Retirement,USD,2019-06-25 00:00:00,Active
1161,58,Brokerage,EUR,2019-09-03 00:00:00,Active
1162,91,Brokerage,EUR,2019-12-28 00:00:00,Active
1163,79,Brokerage,USD,2021-06-07 00:00:00,Active
1164,232,Brokerage,USD,2021-11-29 00:00:00,Active
1165,572,Trust,USD,2023-07-13 00:00:00,Restricted
1166,979,Brokerage,GBP,2016-10-16 00:00:00,Active
1167,692,Brokerage,GBP,2025-11-01 00:00:00,Active
1168,824,Retirement,CAD,2021-06-24 00:00:00,Active
1169,49,Advisory,GBP,2024-11-02 00:00:00,Active
1170,318,Brokerage,CAD,2021-02-18 00:00:00,Active
1171,378,Trust,GBP,2019-02-23 00:00:00,Active
1172,299,Brokerage,USD,2024-12-17 00:00:00,Restricted
1173,468,Brokerage,USD,2021-08-16 00:00:00,Active
1174,289,Brokerage,EUR,2022-09-30 00:00:00,Active
1175,5,Retirement,EUR,2019-08-17 00:00:00,Restricted
1176,548,Brokerage,USD,2018-09-22 00:00:00,Closed
1177,764,Brokerage,CAD,2025-05-18 00:00:00,Active
1178,349,Brokerage,CAD,2025-05-09 00:00:00,Closed
1179,151,Brokerage,USD,2025-04-23 00:00:00,Active
1180,542,Advisory,GBP,2019-07-25 00:00:00,Active
1181,958,Advisory,GBP,2018-06-08 00:00:00,Active
1182,745,Advisory,EUR,2019-05-07 00:00:00,Active
1183,954,Retirement,GBP,2016-06-17 00:00:00,Active
1184,406,Trust,USD,2023-04-05 00:00:00,Active
1185,624,Advisory,CAD,2020-11-18 00:00:00,Active
1186,872,Trust,EUR,2022-12-10 00:00:00,Active
1187,991,Advisory,GBP,2022-06-09 00:00:00,Active
1188,979,Brokerage,GBP,2018-01-25 00:00:00,Active
1189,483,Advisory,EUR,2019-08-26 00:00:00,Active
1190,367,Brokerage,EUR,2022-01-13 00:00:00,Active
1191,515,Brokerage,USD,2024-04-03 00:00:00,Active
1192,864,Advisory,EUR,2024-08-22 00:00:00,Active
1193,595,Advisory,GBP,2022-05-26 00:00:00,Active
1194,31,Brokerage,USD,2022-07-19 00:00:00,Active
1195,594,Brokerage,USD,2016-12-12 00:00:00,Active
1196,522,Retirement,GBP,2021-09-14 00:00:00,Active
1197,999,Advisory,USD,2016-07-07 00:00:00,Active
1198,96,Brokerage,EUR,2021-04-05 00:00:00,Active
1199,456,Advisory,USD,2024-11-25 00:00:00,Active
1200,346,Brokerage,USD,2025-04-03 00:00:00,Active
1201,598,Brokerage,GBP,2019-03-16 00:00:00,Active
1202,668,Brokerage,EUR,2024-08-17 00:00:00,Active
1203,429,Retirement,EUR,2016-04-25 00:00:00,Active
1204,60,Advisory,GBP,2019-03-06 00:00:00,Active
1205,90,Advisory,GBP,2024-01-29 00:00:00,Active
1206,970,Brokerage,GBP,2019-07-14 00:00:00,Active
1207,245,Advisory,USD,2019-12-14 00:00:00,Active
1208,264,Brokerage,USD,2026-03-26 00:00:00,Closed
1209,329,Brokerage,USD,2018-10-21 00:00:00,Active
1210,6,Retirement,GBP,2021-09-09 00:00:00,Active
1211,641,Brokerage,USD,2024-06-30 00:00:00,Active
1212,283,Trust,USD,2025-06-26 00:00:00,Active
1213,820,Retirement,GBP,2017-05-08 00:00:00,Active
1214,851,Brokerage,GBP,2021-07-02 00:00:00,Active
1215,732,Retirement,EUR,2023-11-20 00:00:00,Active
1216,376,Retirement,USD,2021-12-08 00:00:00,Closed
1217,643,Retirement,CAD,2018-05-16 00:00:00,Active
1218,391,Brokerage,USD,2022-09-25 00:00:00,Active
1219,54,Brokerage,GBP,2021-12-18 00:00:00,Closed
1220,41,Trust,EUR,2019-05-13 00:00:00,Active
1221,724,Brokerage,USD,2022-11-25 00:00:00,Active
1222,735,Retirement,EUR,2025-12-01 00:00:00,Active
1223,534,Brokerage,USD,2017-11-02 00:00:00,Active
1224,66,Retirement,USD,2022-06-03 00:00:00,Active
1225,703,Brokerage,EUR,2018-03-24 00:00:00,Active
1226,17,Advisory,USD,2022-06-29 00:00:00,Active
1227,650,Brokerage,GBP,2017-07-26 00:00:00,Active
1228,72,Trust,CAD,2018-08-16 00:00:00,Active
1229,185,Brokerage,GBP,2024-03-07 00:00:00,Active
1230,993,Advisory,GBP,2018-11-11 00:00:00,Active
1231,593,Brokerage,GBP,2024-02-20 00:00:00,Active
1232,954,Retirement,GBP,2018-05-01 00:00:00,Active
1233,211,Trust,EUR,2020-08-28 00:00:00,Closed
1234,608,Brokerage,USD,2021-10-02 00:00:00,Active
1235,552,Brokerage,USD,2022-05-29 00:00:00,Active
1236,680,Brokerage,GBP,2018-09-20 00:00:00,Closed
1237,77,Brokerage,EUR,2022-11-06 00:00:00,Active
1238,441,Trust,GBP,2016-12-21 00:00:00,Active
1239,454,Brokerage,EUR,2018-04-29 00:00:00,Active
1240,357,Trust,USD,2019-09-30 00:00:00,Active
1241,333,Trust,EUR,2019-09-01 00:00:00,Active
1242,433,Trust,USD,2018-05-14 00:00:00,Active
1243,350,Trust,EUR,2025-01-23 00:00:00,Active
1244,754,Trust,EUR,2026-01-05 00:00:00,Active
1245,748,Brokerage,CAD,2021-09-07 00:00:00,Restricted
1246,44,Retirement,GBP,2025-01-16 00:00:00,Active
1247,436,Trust,USD,2024-08-22 00:00:00,Active
1248,268,Brokerage,USD,2019-02-18 00:00:00,Active
1249,726,Trust,EUR,2020-07-11 00:00:00,Active
1250,707,Retirement,EUR,2022-06-03 00:00:00,Active
1251,333,Trust,EUR,2017-05-06 00:00:00,Active
1252,414,Brokerage,EUR,2020-09-28 00:00:00,Active
1253,461,Retirement,GBP,2018-07-17 00:00:00,Active
1254,656,Trust,USD,2019-09-25 00:00:00,Active
1255,634,Retirement,CAD,2025-11-13 00:00:00,Active
1256,953,Brokerage,CAD,2025-11-09 00:00:00,Active
1257,908,Advisory,CAD,2024-07-13 00:00:00,Active
1258,687,Retirement,CAD,2020-12-19 00:00:00,Active
1259,745,Retirement,EUR,2018-07-03 00:00:00,Restricted
1260,533,Brokerage,EUR,2024-11-05 00:00:00,Active
1261,142,Brokerage,USD,2024-10-23 00:00:00,Active
1262,468,Retirement,USD,2018-10-22 00:00:00,Active
1263,838,Brokerage,USD,2025-03-12 00:00:00,Active
1264,916,Advisory,EUR,2016-03-13 00:00:00,Active
1265,317,Brokerage,EUR,2018-04-27 00:00:00,Active
1266,779,Brokerage,CAD,2021-09-24 00:00:00,Active
1267,865,Trust,USD,2024-08-11 00:00:00,Active
1268,311,Advisory,EUR,2017-10-26 00:00:00,Active
1269,940,Retirement,USD,2026-03-10 00:00:00,Active
1270,55,Trust,USD,2019-11-02 00:00:00,Active
1271,588,Advisory,GBP,2025-10-27 00:00:00,Active
1272,38,Brokerage,CAD,2025-11-17 00:00:00,Active
1273,564,Brokerage,GBP,2016-02-16 00:00:00,Active
1274,123,Trust,USD,2023-11-18 00:00:00,Active
1275,122,Retirement,USD,2021-07-27 00:00:00,Active
1276,382,Trust,CAD,2017-07-13 00:00:00,Active
1277,236,Brokerage,USD,2022-06-26 00:00:00,Active
1278,378,Brokerage,GBP,2020-04-11 00:00:00,Active
1279,881,Brokerage,EUR,2022-10-17 00:00:00,Active
1280,227,Advisory,GBP,2025-06-11 00:00:00,Active
1281,937,Trust,EUR,2023-06-04 00:00:00,Active
1282,904,Trust,USD,2025-03-12 00:00:00,Active
1283,837,Brokerage,USD,2018-08-01 00:00:00,Active
1284,282,Advisory,USD,2022-08-31 00:00:00,Active
1285,535,Advisory,EUR,2023-03-26 00:00:00,Active
1286,970,Retirement,GBP,2017-09-29 00:00:00,Active
1287,346,Advisory,USD,2018-04-07 00:00:00,Active
1288,256,Trust,CAD,2019-02-14 00:00:00,Active
1289,602,Brokerage,EUR,2018-04-20 00:00:00,Active
1290,90,Advisory,GBP,2021-01-26 00:00:00,Active
1291,73,Retirement,EUR,2025-07-28 00:00:00,Active
1292,247,Brokerage,CAD,2023-12-21 00:00:00,Active
1293,589,Brokerage,EUR,2019-09-30 00:00:00,Active
1294,105,Brokerage,USD,2017-11-25 00:00:00,Active
1295,772,Trust,USD,2022-08-02 00:00:00,Closed
1296,641,Brokerage,USD,2022-04-10 00:00:00,Closed
1297,366,Retirement,EUR,2020-01-07 00:00:00,Active
1298,112,Advisory,GBP,2021-03-05 00:00:00,Active
1299,673,Retirement,CAD,2021-03-16 00:00:00,Active
1300,238,Brokerage,CAD,2021-03-19 00:00:00,Active
1301,376,Retirement,USD,2016-07-09 00:00:00,Active
1302,220,Advisory,USD,2026-02-25 00:00:00,Active
1303,888,Brokerage,GBP,2022-06-29 00:00:00,Active
1304,873,Brokerage,GBP,2019-01-02 00:00:00,Active
1305,829,Retirement,GBP,2025-09-05 00:00:00,Closed
1306,400,Brokerage,EUR,2018-07-19 00:00:00,Active
1307,438,Retirement,USD,2020-08-29 00:00:00,Closed
1308,717,Brokerage,USD,2017-05-08 00:00:00,Active
1309,215,Advisory,GBP,2022-08-23 00:00:00,Active
1310,298,Brokerage,EUR,2018-12-12 00:00:00,Active
1311,981,Retirement,USD,2022-03-08 00:00:00,Active
1312,973,Advisory,USD,2018-04-26 00:00:00,Active
1313,995,Brokerage,EUR,2021-06-27 00:00:00,Active
1314,493,Retirement,CAD,2019-04-23 00:00:00,Active
1315,249,Retirement,EUR,2020-08-31 00:00:00,Active
1316,451,Advisory,USD,2025-02-20 00:00:00,Restricted
1317,151,Brokerage,USD,2020-09-02 00:00:00,Active
1318,526,Brokerage,USD,2016-06-22 00:00:00,Active
1319,785,Brokerage,USD,2022-02-25 00:00:00,Active
1320,806,Brokerage,EUR,2019-03-14 00:00:00,Active
1321,604,Retirement,CAD,2016-08-04 00:00:00,Closed
1322,153,Brokerage,USD,2016-12-22 00:00:00,Closed
1323,519,Brokerage,GBP,2018-11-29 00:00:00,Active
1324,924,Brokerage,GBP,2024-02-23 00:00:00,Active
1325,84,Brokerage,GBP,2023-10-29 00:00:00,Closed
1326,682,Brokerage,USD,2025-02-12 00:00:00,Active
1327,575,Advisory,GBP,2019-12-21 00:00:00,Active
1328,393,Brokerage,CAD,2017-08-04 00:00:00,Active
1329,662,Retirement,CAD,2024-10-11 00:00:00,Active
1330,310,Advisory,USD,2016-01-12 00:00:00,Active
1331,710,Trust,USD,2021-08-31 00:00:00,Active
1332,466,Brokerage,USD,2019-12-21 00:00:00,Active
1333,187,Brokerage,USD,2022-02-19 00:00:00,Active
1334,654,Retirement,CAD,2020-08-31 00:00:00,Restricted
1335,604,Brokerage,CAD,2024-12-16 00:00:00,Active
1336,354,Advisory,USD,2016-10-06 00:00:00,Active
1337,497,Brokerage,CAD,2017-07-18 00:00:00,Active
1338,990,Retirement,USD,2026-01-14 00:00:00,Active
1339,960,Brokerage,EUR,2019-07-14 00:00:00,Active
1340,130,Brokerage,GBP,2016-01-20 00:00:00,Active
1341,525,Brokerage,USD,2023-02-24 00:00:00,Closed
1342,705,Brokerage,CAD,2016-02-01 00:00:00,Active
1343,407,Brokerage,EUR,2024-01-23 00:00:00,Active
1344,337,Retirement,GBP,2022-11-25 00:00:00,Active
1345,586,Retirement,EUR,2023-03-10 00:00:00,Active
1346,273,Trust,USD,2023-01-22 00:00:00,Restricted
1347,473,Brokerage,USD,2025-08-12 00:00:00,Active
1348,617,Trust,USD,2021-11-08 00:00:00,Closed
1349,957,Advisory,USD,2017-07-12 00:00:00,Active
1350,543,Advisory,GBP,2024-02-14 00:00:00,Active
1351,355,Brokerage,USD,2016-02-17 00:00:00,Active
1352,243,Brokerage,CAD,2023-02-02 00:00:00,Active
1353,649,Retirement,GBP,2018-07-29 00:00:00,Active
1354,440,Brokerage,GBP,2021-08-16 00:00:00,Active
1355,550,Brokerage,CAD,2024-08-07 00:00:00,Active
1356,253,Advisory,EUR,2020-03-13 00:00:00,Active
1357,871,Advisory,USD,2025-07-16 00:00:00,Active
1358,14,Brokerage,USD,2023-12-05 00:00:00,Active
1359,173,Trust,CAD,2022-11-23 00:00:00,Active
1360,498,Trust,CAD,2024-02-22 00:00:00,Active
1361,964,Brokerage,GBP,2022-06-16 00:00:00,Active
1362,368,Retirement,USD,2022-09-16 00:00:00,Active
1363,515,Trust,USD,2021-04-15 00:00:00,Active
1364,169,Brokerage,EUR,2017-02-19 00:00:00,Active
1365,651,Trust,USD,2024-08-18 00:00:00,Closed
1366,776,Advisory,GBP,2022-11-28 00:00:00,Closed
1367,930,Retirement,GBP,2024-10-26 00:00:00,Closed
1368,322,Brokerage,GBP,2019-09-24 00:00:00,Active
1369,10,Advisory,GBP,2016-01-12 00:00:00,Active
1370,938,Retirement,GBP,2018-11-09 00:00:00,Active
1371,688,Trust,GBP,2024-11-05 00:00:00,Active
1372,472,Trust,EUR,2023-09-18 00:00:00,Active
1373,423,Retirement,CAD,2017-12-05 00:00:00,Active
1374,772,Brokerage,USD,2017-05-14 00:00:00,Active
1375,323,Advisory,CAD,2024-07-28 00:00:00,Active
1376,939,Trust,USD,2019-05-06 00:00:00,Active
1377,707,Retirement,EUR,2024-01-04 00:00:00,Active
1378,644,Retirement,EUR,2025-12-09 00:00:00,Active
1379,686,Brokerage,CAD,2018-03-29 00:00:00,Restricted
1380,191,Advisory,USD,2023-04-18 00:00:00,Active
1381,897,Retirement,USD,2020-04-16 00:00:00,Active
1382,395,Retirement,USD,2018-04-27 00:00:00,Active
1383,502,Retirement,GBP,2023-10-12 00:00:00,Active
1384,19,Brokerage,GBP,2024-09-22 00:00:00,Active
1385,880,Brokerage,EUR,2020-04-25 00:00:00,Active
1386,995,Trust,EUR,2023-07-17 00:00:00,Active
1387,259,Trust,USD,2025-10-07 00:00:00,Closed
1388,248,Retirement,USD,2025-11-05 00:00:00,Closed
1389,773,Retirement,USD,2023-04-18 00:00:00,Active
1390,30,Retirement,EUR,2025-12-28 00:00:00,Active
1391,861,Retirement,EUR,2022-09-10 00:00:00,Active
1392,191,Trust,USD,2024-11-03 00:00:00,Active
1393,817,Brokerage,USD,2023-10-12 00:00:00,Active
1394,941,Trust,EUR,2019-10-25 00:00:00,Active
1395,226,Brokerage,USD,2017-10-23 00:00:00,Active
1396,822,Brokerage,USD,2023-09-26 00:00:00,Restricted
1397,215,Advisory,GBP,2017-09-19 00:00:00,Active
1398,945,Retirement,GBP,2026-01-31 00:00:00,Restricted
1399,30,Retirement,EUR,2017-08-28 00:00:00,Active
1400,534,Advisory,USD,2025-12-04 00:00:00,Active
1401,404,Brokerage,USD,2018-02-14 00:00:00,Active
1402,17,Retirement,USD,2024-05-17 00:00:00,Active
1403,937,Advisory,EUR,2016-05-11 00:00:00,Active
1404,524,Brokerage,USD,2021-03-03 00:00:00,Active
1405,164,Advisory,USD,2024-01-27 00:00:00,Active
1406,383,Retirement,EUR,2025-01-25 00:00:00,Closed
1407,626,Retirement,GBP,2019-08-29 00:00:00,Active
1408,228,Brokerage,GBP,2024-09-01 00:00:00,Active
1409,442,Trust,GBP,2021-05-21 00:00:00,Active
1410,618,Brokerage,CAD,2024-11-20 00:00:00,Restricted
1411,273,Brokerage,USD,2020-02-28 00:00:00,Closed
1412,335,Trust,USD,2021-04-12 00:00:00,Active
1413,358,Retirement,USD,2020-06-22 00:00:00,Closed
1414,598,Retirement,GBP,2016-04-20 00:00:00,Active
1415,476,Retirement,USD,2018-05-11 00:00:00,Active
1416,871,Brokerage,USD,2021-06-09 00:00:00,Active
1417,613,Brokerage,GBP,2025-02-03 00:00:00,Active
1418,403,Advisory,CAD,2024-04-20 00:00:00,Active
1419,462,Retirement,GBP,2017-02-23 00:00:00,Active
1420,771,Retirement,CAD,2018-11-12 00:00:00,Active
1421,85,Brokerage,CAD,2019-04-17 00:00:00,Active
1422,76,Trust,EUR,2025-03-05 00:00:00,Restricted
1423,185,Trust,GBP,2022-09-13 00:00:00,Active
1424,770,Brokerage,EUR,2017-11-14 00:00:00,Active
1425,225,Retirement,CAD,2019-02-10 00:00:00,Active
1426,909,Advisory,EUR,2019-10-28 00:00:00,Active
1427,86,Brokerage,EUR,2023-01-02 00:00:00,Closed
1428,779,Retirement,CAD,2019-07-20 00:00:00,Active
1429,195,Retirement,USD,2020-06-20 00:00:00,Active
1430,587,Brokerage,USD,2025-03-16 00:00:00,Active
1431,709,Trust,GBP,2020-05-04 00:00:00,Active
1432,56,Brokerage,USD,2021-07-05 00:00:00,Active
1433,783,Brokerage,USD,2018-12-27 00:00:00,Active
1434,215,Advisory,GBP,2022-11-22 00:00:00,Active
1435,23,Trust,EUR,2016-10-17 00:00:00,Active
1436,423,Brokerage,CAD,2021-05-15 00:00:00,Active
1437,563,Brokerage,EUR,2018-01-12 00:00:00,Active
1438,503,Brokerage,CAD,2016-06-25 00:00:00,Active
1439,251,Brokerage,USD,2022-10-26 00:00:00,Active
1440,46,Advisory,USD,2020-12-20 00:00:00,Active
1441,924,Brokerage,GBP,2024-12-27 00:00:00,Active
1442,611,Trust,EUR,2025-11-23 00:00:00,Active
1443,309,Brokerage,EUR,2019-12-30 00:00:00,Active
1444,39,Retirement,CAD,2023-09-17 00:00:00,Active
1445,796,Brokerage,USD,2020-12-03 00:00:00,Restricted
1446,764,Advisory,CAD,2025-07-21 00:00:00,Closed
1447,324,Advisory,USD,2021-02-14 00:00:00,Closed
1448,728,Brokerage,CAD,2023-03-28 00:00:00,Active
1449,589,Trust,EUR,2026-02-22 00:00:00,Active
1450,973,Brokerage,USD,2017-06-17 00:00:00,Active
1451,964,Trust,GBP,2016-09-27 00:00:00,Restricted
1452,657,Brokerage,USD,2025-03-02 00:00:00,Active
1453,903,Retirement,USD,2020-02-02 00:00:00,Active
1454,522,Advisory,GBP,2023-01-13 00:00:00,Active
1455,314,Brokerage,GBP,2020-08-05 00:00:00,Restricted
1456,58,Brokerage,EUR,2017-04-19 00:00:00,Active
1457,962,Brokerage,EUR,2023-12-15 00:00:00,Active
1458,79,Advisory,USD,2021-04-20 00:00:00,Active
1459,382,Brokerage,CAD,2019-07-26 00:00:00,Closed
1460,503,Brokerage,CAD,2023-03-28 00:00:00,Active
1461,830,Brokerage,CAD,2019-07-27 00:00:00,Active
1462,247,Brokerage,CAD,2018-01-15 00:00:00,Active
1463,965,Trust,GBP,2017-07-06 00:00:00,Active
1464,200,Brokerage,USD,2022-02-23 00:00:00,Active
1465,203,Brokerage,EUR,2019-12-09 00:00:00,Active
1466,644,Brokerage,EUR,2023-10-18 00:00:00,Active
1467,44,Trust,GBP,2019-03-09 00:00:00,Active
1468,90,Brokerage,GBP,2022-01-18 00:00:00,Active
1469,169,Brokerage,EUR,2017-03-25 00:00:00,Active
1470,457,Brokerage,USD,2016-12-19 00:00:00,Active
1471,236,Trust,USD,2024-08-27 00:00:00,Active
1472,149,Retirement,EUR,2016-07-08 00:00:00,Active
1473,916,Trust,EUR,2017-06-05 00:00:00,Active
1474,12,Advisory,EUR,2018-07-31 00:00:00,Active
1475,307,Retirement,GBP,2019-10-14 00:00:00,Active
1476,358,Brokerage,USD,2020-01-12 00:00:00,Closed
1477,307,Retirement,GBP,2022-03-05 00:00:00,Active
1478,70,Brokerage,EUR,2021-06-07 00:00:00,Active
1479,336,Retirement,USD,2016-10-30 00:00:00,Active
1480,944,Advisory,GBP,2024-12-01 00:00:00,Restricted
1481,704,Advisory,USD,2018-04-25 00:00:00,Active
1482,884,Advisory,GBP,2023-10-07 00:00:00,Active
1483,112,Brokerage,GBP,2019-07-12 00:00:00,Active
1484,456,Retirement,USD,2022-08-26 00:00:00,Active
1485,100,Brokerage,USD,2023-01-31 00:00:00,Active
1486,396,Brokerage,GBP,2018-05-26 00:00:00,Active
1487,360,Brokerage,GBP,2016-12-18 00:00:00,Active
1488,802,Retirement,EUR,2025-04-22 00:00:00,Active
1489,129,Brokerage,EUR,2021-08-15 00:00:00,Active
1490,717,Retirement,USD,2024-10-01 00:00:00,Restricted
1491,378,Trust,GBP,2024-09-24 00:00:00,Active
1492,717,Retirement,USD,2016-10-31 00:00:00,Active
1493,37,Retirement,GBP,2022-06-21 00:00:00,Active
1494,817,Brokerage,USD,2017-06-27 00:00:00,Restricted
1495,758,Brokerage,EUR,2025-05-05 00:00:00,Active
1496,151,Brokerage,USD,2016-09-08 00:00:00,Active
1497,88,Brokerage,USD,2016-03-19 00:00:00,Active
1498,99,Retirement,USD,2023-02-07 00:00:00,Closed
1499,515,Brokerage,USD,2016-01-14 00:00:00,Active
1500,532,Retirement,CAD,2018-02-03 00:00:00,Active
