customer_id,customer_name,date_of_birth,gender,country,city,net_worth_band,onboarding_date,customer_segment
1,Steven Sanchez,1978-01-17 00:00:00,Female,Germany,Berlin,<500K,2021-09-19 00:00:00,Mass Affluent
2,Anthony Evans,1983-07-01 00:00:00,Male,USA,Chicago,500K-1M,2020-08-31 00:00:00,Mass Affluent
3,Nancy White,1989-07-23 00:00:00,Female,USA,New York,<500K,2017-02-22 00:00:00,Mass Affluent
4,Matthew Jones,1987-02-05 00:00:00,Female,Germany,Hamburg,1M-5M,2021-01-29 00:00:00,UHNW
5,Nancy Adams,1965-11-10 00:00:00,Male,France,Marseille,500K-1M,2015-02-23 00:00:00,HNW
6,Barbara Davis,1955-05-15 00:00:00,Male,UK,London,<500K,2016-11-08 00:00:00,HNW
7,Mary Lewis,1974-07-18 00:00:00,Male,Canada,Toronto,500K-1M,2019-11-30 00:00:00,HNW
8,Betty Allen,1958-04-04 00:00:00,Male,Germany,Hamburg,500K-1M,2025-02-15 00:00:00,Mass Affluent
9,Daniel Williams,1969-04-30 00:00:00,Female,UK,Bristol,500K-1M,2023-02-23 00:00:00,HNW
10,Liam Wilson,1968-05-15 00:00:00,Male,UK,Bristol,<500K,2020-12-09 00:00:00,Mass Affluent
11,Olivia Jackson,1973-07-03 00:00:00,Female,USA,Chicago,1M-5M,2015-03-04 00:00:00,Mass Affluent
12,Daniel Phillips,1954-09-25 00:00:00,Male,France,Marseille,500K-1M,2022-12-22 00:00:00,Mass Affluent
13,Charles Martinez,1960-07-31 00:00:00,Male,UK,London,<500K,2019-03-24 00:00:00,HNW
14,Daniel Adams,1951-10-01 00:00:00,Female,USA,San Francisco,1M-5M,2017-09-09 00:00:00,HNW
15,Paul White,1985-12-08 00:00:00,Female,UK,Manchester,<500K,2019-12-21 00:00:00,HNW
16,Joseph Wright,1981-09-04 00:00:00,Male,France,Marseille,5M+,2022-06-11 00:00:00,HNW
17,Ronald Williams,1986-01-26 00:00:00,Male,USA,Miami,1M-5M,2015-09-28 00:00:00,HNW
18,Amanda Walker,1961-06-18 00:00:00,Female,USA,Chicago,500K-1M,2016-03-06 00:00:00,Mass Affluent
19,Noah Martinez,1987-01-06 00:00:00,Male,UK,Leeds,<500K,2023-01-20 00:00:00,UHNW
20,Susan Perez,1973-10-19 00:00:00,Female,UK,Manchester,500K-1M,2020-07-26 00:00:00,HNW
21,Jessica Phillips,1981-05-13 00:00:00,Male,Germany,Munich,1M-5M,2019-12-04 00:00:00,UHNW
22,Paul Scott,1983-12-18 00:00:00,Female,France,Paris,1M-5M,2021-06-23 00:00:00,Mass Affluent
23,Joseph Martin,1978-06-22 00:00:00,Male,France,Nice,1M-5M,2021-01-08 00:00:00,Mass Affluent
24,Ethan Stewart,1966-06-18 00:00:00,Male,Germany,Berlin,500K-1M,2016-12-14 00:00:00,HNW
25,David Gonzalez,1992-03-31 00:00:00,Male,France,Toulouse,500K-1M,2016-06-07 00:00:00,HNW
26,Ashley Walker,1964-07-30 00:00:00,Male,USA,Boston,1M-5M,2019-04-04 00:00:00,HNW
27,Emma Perez,1989-04-17 00:00:00,Female,UK,London,500K-1M,2018-12-22 00:00:00,Mass Affluent
28,Paul Hall,1971-03-25 00:00:00,Female,USA,New York,<500K,2018-12-20 00:00:00,Mass Affluent
29,Donald Robinson,1982-08-28 00:00:00,Female,USA,Chicago,500K-1M,2022-04-15 00:00:00,Mass Affluent
30,Olivia Moore,1976-03-14 00:00:00,Male,Germany,Stuttgart,5M+,2015-03-16 00:00:00,HNW
31,Sandra Evans,1977-12-07 00:00:00,Female,USA,Boston,500K-1M,2018-04-20 00:00:00,HNW
32,Ethan Jackson,1953-03-04 00:00:00,Male,UK,London,<500K,2023-04-13 00:00:00,Mass Affluent
33,Jennifer Campbell,1983-02-09 00:00:00,Female,UK,London,<500K,2018-10-14 00:00:00,HNW
34,Betty Robinson,1981-05-24 00:00:00,Male,UK,London,<500K,2017-12-10 00:00:00,Mass Affluent
35,Michael Nelson,1972-06-06 00:00:00,Female,UK,Leeds,500K-1M,2016-02-06 00:00:00,Mass Affluent
36,Sophia Lee,1971-03-12 00:00:00,Male,USA,San Francisco,500K-1M,2021-11-16 00:00:00,UHNW
37,Anthony Green,1983-08-09 00:00:00,Female,UK,Manchester,1M-5M,2023-06-23 00:00:00,Mass Affluent
38,Joshua Nelson,1993-09-21 00:00:00,Male,Canada,Toronto,<500K,2023-06-04 00:00:00,Mass Affluent
39,Donna Rodriguez,1962-07-14 00:00:00,Female,Canada,Montreal,5M+,2021-04-16 00:00:00,UHNW
40,Joseph Stewart,1970-01-24 00:00:00,Female,UK,Birmingham,<500K,2016-05-15 00:00:00,HNW
41,Patricia Hernandez,1958-06-30 00:00:00,Female,Germany,Cologne,<500K,2020-07-01 00:00:00,Mass Affluent
42,Edward Clark,1982-10-14 00:00:00,Female,USA,Boston,500K-1M,2020-07-21 00:00:00,UHNW
43,Emma Allen,1952-01-20 00:00:00,Male,USA,Chicago,1M-5M,2016-05-23 00:00:00,Mass Affluent
44,Donald Carter,1960-06-07 00:00:00,Male,UK,Birmingham,500K-1M,2022-03-09 00:00:00,Mass Affluent
45,Amanda Moore,1995-11-28 00:00:00,Female,Canada,Toronto,1M-5M,2022-12-10 00:00:00,HNW
46,Kenneth Thomas,1970-04-16 00:00:00,Male,USA,Chicago,<500K,2023-03-19 00:00:00,HNW
47,Laura Jackson,1963-01-28 00:00:00,Male,UK,Edinburgh,5M+,2020-04-21 00:00:00,Mass Affluent
48,Barbara King,1990-12-04 00:00:00,Male,Canada,Ottawa,5M+,2021-11-05 00:00:00,Mass Affluent
49,Jessica Phillips,1978-07-25 00:00:00,Female,UK,Birmingham,<500K,2021-03-04 00:00:00,HNW
50,Mark Edwards,1968-06-06 00:00:00,Male,Germany,Munich,<500K,2015-02-18 00:00:00,Mass Affluent
51,Jennifer Baker,1991-04-16 00:00:00,Male,USA,Miami,1M-5M,2015-12-06 00:00:00,HNW
52,Anthony Scott,1978-07-06 00:00:00,Male,France,Bordeaux,<500K,2018-09-08 00:00:00,HNW
53,Robert White,1971-08-08 00:00:00,Female,Germany,Cologne,1M-5M,2018-02-14 00:00:00,UHNW
54,Ashley Phillips,1992-07-23 00:00:00,Female,UK,Bristol,500K-1M,2019-01-08 00:00:00,Mass Affluent
55,Christopher Rodriguez,1972-12-24 00:00:00,Female,USA,Chicago,1M-5M,2020-08-03 00:00:00,Mass Affluent
56,David Thompson,1968-03-21 00:00:00,Male,USA,New York,<500K,2019-10-15 00:00:00,Mass Affluent
57,Edward Baker,1988-04-03 00:00:00,Male,UK,Birmingham,<500K,2020-07-28 00:00:00,HNW
58,William Rodriguez,1978-03-31 00:00:00,Male,Germany,Stuttgart,<500K,2024-09-21 00:00:00,Mass Affluent
59,Olivia Martin,1990-06-13 00:00:00,Male,Canada,Ottawa,<500K,2017-05-10 00:00:00,HNW
60,Mark Martinez,1957-05-16 00:00:00,Male,UK,Birmingham,500K-1M,2025-01-07 00:00:00,HNW
61,David Robinson,1971-12-03 00:00:00,Male,Germany,Stuttgart,500K-1M,2025-01-23 00:00:00,Mass Affluent
62,Sarah Nelson,1958-11-05 00:00:00,Female,Germany,Cologne,5M+,2017-01-22 00:00:00,HNW
63,Joseph Nelson,1968-04-22 00:00:00,Female,Germany,Stuttgart,1M-5M,2024-11-29 00:00:00,Mass Affluent
64,Liam Gonzalez,1995-03-11 00:00:00,Male,Germany,Stuttgart,1M-5M,2018-07-14 00:00:00,Mass Affluent
65,Charles Gonzalez,1969-02-04 00:00:00,Female,France,Toulouse,<500K,2024-08-20 00:00:00,Mass Affluent
66,Carol Adams,1952-06-01 00:00:00,Female,USA,Boston,<500K,2016-11-21 00:00:00,UHNW
67,Patricia Collins,1964-03-07 00:00:00,Female,France,Toulouse,5M+,2019-12-25 00:00:00,HNW
68,Isabella Martin,1968-08-24 00:00:00,Male,USA,Seattle,500K-1M,2016-02-15 00:00:00,HNW
69,Charlotte Stewart,1968-08-17 00:00:00,Female,USA,Boston,1M-5M,2016-12-03 00:00:00,Mass Affluent
70,Richard Nelson,1985-11-02 00:00:00,Male,Germany,Frankfurt,<500K,2018-04-21 00:00:00,Mass Affluent
71,Donald Johnson,1954-08-30 00:00:00,Male,USA,Miami,<500K,2017-09-01 00:00:00,HNW
72,Barbara Hernandez,1991-02-23 00:00:00,Male,Canada,Toronto,<500K,2023-06-06 00:00:00,Mass Affluent
73,Laura Perez,1949-02-13 00:00:00,Female,Germany,Stuttgart,<500K,2016-10-03 00:00:00,HNW
74,Amanda Turner,1996-05-28 00:00:00,Male,France,Lyon,5M+,2017-09-17 00:00:00,Mass Affluent
75,Olivia Hernandez,1996-04-09 00:00:00,Male,USA,Seattle,<500K,2021-12-31 00:00:00,HNW
76,Daniel Williams,1988-05-27 00:00:00,Female,Germany,Berlin,5M+,2020-01-23 00:00:00,Mass Affluent
77,Michael Thomas,1977-05-09 00:00:00,Female,Germany,Hamburg,1M-5M,2017-06-02 00:00:00,HNW
78,John Thompson,1960-06-29 00:00:00,Female,USA,Seattle,<500K,2019-09-22 00:00:00,HNW
79,Susan Garcia,1971-01-07 00:00:00,Female,USA,Chicago,5M+,2018-06-15 00:00:00,UHNW
80,Barbara Robinson,1996-11-09 00:00:00,Female,Germany,Munich,1M-5M,2016-04-16 00:00:00,Mass Affluent
81,Sandra Lopez,1952-06-18 00:00:00,Male,USA,Chicago,<500K,2017-11-21 00:00:00,Mass Affluent
82,Michael Scott,1977-06-19 00:00:00,Male,Germany,Frankfurt,<500K,2017-06-07 00:00:00,Mass Affluent
83,Donna Brown,1979-10-01 00:00:00,Male,Germany,Cologne,1M-5M,2017-12-01 00:00:00,Mass Affluent
84,Kenneth Turner,1970-01-01 00:00:00,Male,UK,Birmingham,<500K,2017-11-06 00:00:00,HNW
85,Jessica Campbell,1977-01-06 00:00:00,Female,Canada,Toronto,500K-1M,2020-03-29 00:00:00,HNW
86,Michael Clark,1948-01-31 00:00:00,Female,France,Bordeaux,<500K,2021-02-17 00:00:00,HNW
87,Mia Martinez,1985-01-02 00:00:00,Male,UK,Birmingham,<500K,2016-10-11 00:00:00,Mass Affluent
88,Jessica Carter,1971-01-02 00:00:00,Female,USA,Boston,5M+,2022-06-24 00:00:00,Mass Affluent
89,Karen Hernandez,1972-10-04 00:00:00,Male,USA,Miami,500K-1M,2015-09-06 00:00:00,Mass Affluent
90,Donald Collins,1981-08-22 00:00:00,Female,UK,Edinburgh,500K-1M,2021-05-19 00:00:00,Mass Affluent
91,William Baker,1967-06-27 00:00:00,Female,France,Paris,<500K,2020-01-07 00:00:00,UHNW
92,Lisa Edwards,1992-08-01 00:00:00,Female,Canada,Vancouver,500K-1M,2023-10-30 00:00:00,UHNW
93,Betty Johnson,1952-01-04 00:00:00,Male,UK,Bristol,<500K,2023-07-29 00:00:00,Mass Affluent
94,Amanda Young,1972-11-22 00:00:00,Female,France,Paris,500K-1M,2016-10-10 00:00:00,Mass Affluent
95,Karen Ramirez,1960-12-01 00:00:00,Female,Germany,Stuttgart,<500K,2018-06-07 00:00:00,Mass Affluent
96,Sandra Evans,1960-10-14 00:00:00,Male,Germany,Frankfurt,<500K,2023-07-21 00:00:00,HNW
97,Kenneth Hernandez,1970-10-24 00:00:00,Female,USA,New York,1M-5M,2024-08-24 00:00:00,HNW
98,Ethan Green,1958-07-12 00:00:00,Male,UK,Edinburgh,<500K,2020-09-04 00:00:00,Mass Affluent
99,Elizabeth Gonzalez,1957-11-23 00:00:00,Female,USA,San Francisco,500K-1M,2018-09-22 00:00:00,HNW
100,Joseph Martin,1986-03-11 00:00:00,Female,USA,Boston,<500K,2024-10-29 00:00:00,UHNW
101,Rebecca Carter,1991-04-29 00:00:00,Male,UK,Bristol,<500K,2023-12-04 00:00:00,HNW
102,Emma Lewis,1995-08-05 00:00:00,Female,Germany,Cologne,500K-1M,2024-08-06 00:00:00,Mass Affluent
103,Steven Martinez,1997-05-12 00:00:00,Male,USA,Seattle,<500K,2018-02-06 00:00:00,HNW
104,Deborah Baker,1976-02-20 00:00:00,Female,USA,New York,500K-1M,2022-05-30 00:00:00,Mass Affluent
105,Edward Gonzalez,1962-10-28 00:00:00,Female,USA,Seattle,<500K,2022-11-14 00:00:00,HNW
106,David King,1970-01-18 00:00:00,Female,Germany,Frankfurt,<500K,2023-08-22 00:00:00,Mass Affluent
107,David Anderson,1968-06-12 00:00:00,Female,France,Nice,<500K,2019-09-07 00:00:00,Mass Affluent
108,Emily Edwards,1990-07-23 00:00:00,Female,Germany,Stuttgart,<500K,2016-08-19 00:00:00,Mass Affluent
109,Linda Miller,1949-03-25 00:00:00,Female,Canada,Edmonton,500K-1M,2016-07-02 00:00:00,Mass Affluent
110,Karen Hall,1949-02-16 00:00:00,Male,UK,Manchester,1M-5M,2020-03-11 00:00:00,Mass Affluent
111,Barbara Phillips,1967-07-11 00:00:00,Female,USA,Miami,1M-5M,2023-05-10 00:00:00,Mass Affluent
112,Mary Young,1986-03-20 00:00:00,Male,UK,Birmingham,5M+,2019-10-09 00:00:00,HNW
113,Brian Stewart,1988-09-07 00:00:00,Male,USA,San Francisco,<500K,2016-11-21 00:00:00,UHNW
114,Christopher Turner,1979-01-19 00:00:00,Male,France,Lyon,<500K,2018-05-25 00:00:00,Mass Affluent
115,Betty Anderson,1950-08-13 00:00:00,Female,USA,Miami,500K-1M,2022-03-03 00:00:00,Mass Affluent
116,Michelle Hall,1961-10-31 00:00:00,Male,Germany,Hamburg,1M-5M,2021-04-20 00:00:00,HNW
117,Olivia Anderson,1987-09-04 00:00:00,Male,Germany,Hamburg,1M-5M,2019-03-16 00:00:00,HNW
118,Emma Nelson,1954-10-09 00:00:00,Male,UK,Birmingham,500K-1M,2023-04-03 00:00:00,Mass Affluent
119,Sandra Parker,1974-10-21 00:00:00,Male,USA,New York,<500K,2015-04-09 00:00:00,HNW
120,Isabella Jones,1959-10-14 00:00:00,Female,Canada,Toronto,500K-1M,2019-04-14 00:00:00,UHNW
121,Emma Moore,1997-01-26 00:00:00,Male,Canada,Vancouver,1M-5M,2023-05-17 00:00:00,Mass Affluent
122,Thomas Scott,1977-02-04 00:00:00,Male,USA,Boston,500K-1M,2020-07-04 00:00:00,Mass Affluent
123,Karen Moore,1984-11-20 00:00:00,Male,USA,San Francisco,<500K,2023-02-03 00:00:00,HNW
124,Jessica Martinez,1970-01-26 00:00:00,Male,UK,London,500K-1M,2021-07-02 00:00:00,Mass Affluent
125,Amanda Wilson,1985-06-10 00:00:00,Male,Canada,Montreal,1M-5M,2021-04-27 00:00:00,Mass Affluent
126,Richard Smith,1960-10-26 00:00:00,Female,Canada,Montreal,1M-5M,2015-12-02 00:00:00,Mass Affluent
127,George Parker,1970-01-24 00:00:00,Female,USA,Seattle,<500K,2023-09-09 00:00:00,UHNW
128,Mia Garcia,1972-04-13 00:00:00,Male,Germany,Frankfurt,500K-1M,2021-01-14 00:00:00,Mass Affluent
129,Mark Allen,1957-04-16 00:00:00,Female,France,Nice,500K-1M,2017-12-12 00:00:00,Mass Affluent
130,Karen Young,1948-11-10 00:00:00,Female,UK,Leeds,500K-1M,2015-05-28 00:00:00,Mass Affluent
131,Robert Lopez,1976-10-18 00:00:00,Male,France,Nice,<500K,2018-04-19 00:00:00,Mass Affluent
132,Ashley Lee,1995-08-05 00:00:00,Male,USA,New York,500K-1M,2023-03-11 00:00:00,UHNW
133,Steven Jones,1954-01-26 00:00:00,Female,Germany,Berlin,500K-1M,2017-02-03 00:00:00,Mass Affluent
134,Sandra Wright,1953-06-15 00:00:00,Female,Canada,Ottawa,1M-5M,2020-01-19 00:00:00,HNW
135,Karen Miller,1990-06-04 00:00:00,Female,Canada,Toronto,500K-1M,2016-08-15 00:00:00,HNW
136,Ronald Lewis,1970-09-19 00:00:00,Male,USA,Miami,500K-1M,2022-09-08 00:00:00,Mass Affluent
137,Christopher Johnson,1949-03-29 00:00:00,Female,UK,Edinburgh,5M+,2015-08-28 00:00:00,HNW
138,Elizabeth Taylor,1953-08-31 00:00:00,Male,USA,Seattle,500K-1M,2016-06-26 00:00:00,Mass Affluent
139,Nancy Rodriguez,1955-10-01 00:00:00,Male,UK,London,5M+,2018-10-29 00:00:00,Mass Affluent
140,Donald Edwards,1963-09-29 00:00:00,Male,UK,London,1M-5M,2023-07-31 00:00:00,UHNW
141,Brian Robinson,1983-09-25 00:00:00,Female,USA,Boston,1M-5M,2016-04-25 00:00:00,HNW
142,Sophia Martin,1962-06-22 00:00:00,Male,USA,New York,5M+,2016-07-05 00:00:00,Mass Affluent
143,Linda Phillips,1983-11-30 00:00:00,Female,Canada,Ottawa,5M+,2025-02-09 00:00:00,Mass Affluent
144,Emily Walker,1972-02-17 00:00:00,Female,Germany,Hamburg,<500K,2021-08-30 00:00:00,UHNW
145,Matthew White,1964-08-25 00:00:00,Male,UK,London,1M-5M,2017-12-07 00:00:00,HNW
146,Sophia Davis,1995-12-02 00:00:00,Female,France,Toulouse,5M+,2016-08-26 00:00:00,UHNW
147,Joseph Thompson,1980-06-23 00:00:00,Male,France,Bordeaux,<500K,2020-04-16 00:00:00,Mass Affluent
148,Charlotte Phillips,1953-05-20 00:00:00,Female,USA,Seattle,1M-5M,2024-12-03 00:00:00,Mass Affluent
149,Thomas Moore,1976-11-13 00:00:00,Female,France,Nice,<500K,2016-08-31 00:00:00,UHNW
150,Joshua King,1996-04-27 00:00:00,Male,France,Paris,5M+,2023-05-09 00:00:00,Mass Affluent
151,Jennifer Miller,1973-07-01 00:00:00,Male,USA,Chicago,1M-5M,2016-04-26 00:00:00,Mass Affluent
152,James Campbell,1949-01-13 00:00:00,Female,France,Marseille,<500K,2022-08-23 00:00:00,Mass Affluent
153,Stephanie Thompson,1960-06-25 00:00:00,Female,USA,Boston,<500K,2019-01-31 00:00:00,Mass Affluent
154,Lisa Lewis,1981-04-27 00:00:00,Female,USA,New York,1M-5M,2021-12-03 00:00:00,Mass Affluent
155,Donald Harris,1949-01-23 00:00:00,Female,Germany,Cologne,<500K,2021-01-14 00:00:00,HNW
156,Elizabeth Lopez,1986-06-12 00:00:00,Male,USA,Chicago,5M+,2020-03-01 00:00:00,HNW
157,Jessica Lopez,1967-09-17 00:00:00,Female,Germany,Hamburg,<500K,2020-12-15 00:00:00,HNW
158,Melissa Carter,1974-01-05 00:00:00,Female,Canada,Montreal,1M-5M,2023-12-27 00:00:00,HNW
159,Nancy Wilson,1959-09-22 00:00:00,Male,Germany,Berlin,500K-1M,2021-09-19 00:00:00,Mass Affluent
160,Brian Lewis,1953-08-21 00:00:00,Male,UK,Leeds,1M-5M,2022-08-15 00:00:00,Mass Affluent
161,Ronald Martinez,1982-06-02 00:00:00,Male,UK,Leeds,1M-5M,2020-07-22 00:00:00,Mass Affluent
162,Liam Stewart,1979-11-03 00:00:00,Male,France,Lyon,1M-5M,2018-07-20 00:00:00,UHNW
163,Deborah Scott,1967-02-01 00:00:00,Male,Germany,Hamburg,500K-1M,2016-01-11 00:00:00,Mass Affluent
164,Jessica Edwards,1960-05-19 00:00:00,Female,USA,New York,1M-5M,2015-06-29 00:00:00,HNW
165,Olivia Ramirez,1966-07-22 00:00:00,Male,Germany,Stuttgart,500K-1M,2015-01-31 00:00:00,Mass Affluent
166,Lisa Harris,1994-05-16 00:00:00,Male,France,Bordeaux,<500K,2024-06-07 00:00:00,Mass Affluent
167,David Taylor,1982-05-28 00:00:00,Female,USA,San Francisco,<500K,2019-03-03 00:00:00,Mass Affluent
168,Joshua White,1997-09-04 00:00:00,Female,Canada,Montreal,<500K,2023-06-01 00:00:00,Mass Affluent
169,Noah Stewart,1950-12-28 00:00:00,Female,France,Bordeaux,500K-1M,2017-01-14 00:00:00,Mass Affluent
170,Betty Wright,1978-02-24 00:00:00,Female,Germany,Munich,500K-1M,2020-07-11 00:00:00,Mass Affluent
171,Edward Ramirez,1951-12-02 00:00:00,Female,France,Bordeaux,<500K,2023-05-18 00:00:00,HNW
172,Deborah Campbell,1986-07-05 00:00:00,Female,USA,New York,<500K,2019-12-24 00:00:00,Mass Affluent
173,James Parker,1958-07-10 00:00:00,Female,Canada,Edmonton,1M-5M,2021-10-23 00:00:00,UHNW
174,Ethan Anderson,1991-11-24 00:00:00,Female,France,Paris,<500K,2021-12-03 00:00:00,HNW
175,Paul Anderson,1948-11-12 00:00:00,Female,Canada,Ottawa,<500K,2020-02-23 00:00:00,HNW
176,Deborah Adams,1967-11-01 00:00:00,Female,USA,Boston,500K-1M,2015-05-06 00:00:00,UHNW
177,Joseph Martinez,1982-12-20 00:00:00,Male,USA,Miami,1M-5M,2016-02-18 00:00:00,HNW
178,Kenneth Thompson,1997-09-24 00:00:00,Female,USA,Chicago,5M+,2022-09-28 00:00:00,Mass Affluent
179,Donald Parker,1968-03-17 00:00:00,Male,UK,Manchester,<500K,2019-03-23 00:00:00,Mass Affluent
180,Amanda Lee,1956-07-09 00:00:00,Male,UK,Leeds,<500K,2017-10-07 00:00:00,UHNW
181,Stephanie Smith,1973-03-17 00:00:00,Female,Germany,Frankfurt,<500K,2020-08-06 00:00:00,HNW
182,Melissa Robinson,1987-11-13 00:00:00,Female,USA,Boston,<500K,2018-09-03 00:00:00,HNW
183,Nancy Robinson,1973-02-22 00:00:00,Female,USA,Chicago,<500K,2019-11-09 00:00:00,Mass Affluent
184,George Brown,1964-05-05 00:00:00,Male,France,Lyon,<500K,2020-09-09 00:00:00,Mass Affluent
185,Jessica Johnson,1970-09-29 00:00:00,Female,UK,Bristol,<500K,2024-06-18 00:00:00,HNW
186,Thomas Rodriguez,1977-03-20 00:00:00,Male,France,Marseille,<500K,2021-07-14 00:00:00,UHNW
187,Olivia Moore,1972-08-29 00:00:00,Female,USA,Miami,<500K,2024-04-04 00:00:00,HNW
188,Barbara Young,1962-07-13 00:00:00,Female,Germany,Berlin,500K-1M,2015-04-23 00:00:00,Mass Affluent
189,Barbara Turner,1971-04-09 00:00:00,Male,Canada,Edmonton,1M-5M,2019-10-21 00:00:00,Mass Affluent
190,Laura Campbell,1968-11-03 00:00:00,Female,Germany,Munich,500K-1M,2022-09-27 00:00:00,HNW
191,Ethan Hernandez,1949-12-09 00:00:00,Male,USA,Miami,1M-5M,2022-12-22 00:00:00,HNW
192,Jessica King,1989-08-03 00:00:00,Female,France,Nice,1M-5M,2023-01-27 00:00:00,Mass Affluent
193,William Lopez,1956-06-18 00:00:00,Male,UK,Birmingham,<500K,2020-07-08 00:00:00,UHNW
194,Melissa Moore,1966-05-22 00:00:00,Male,Germany,Berlin,5M+,2021-12-12 00:00:00,HNW
195,Emma Sanchez,1990-07-01 00:00:00,Male,USA,Seattle,<500K,2018-06-01 00:00:00,HNW
196,Michelle Walker,1956-07-07 00:00:00,Male,Germany,Munich,1M-5M,2020-12-10 00:00:00,Mass Affluent
197,Patricia Harris,1950-06-21 00:00:00,Male,USA,Boston,500K-1M,2018-07-16 00:00:00,HNW
198,Joshua Clark,1975-08-03 00:00:00,Male,France,Bordeaux,1M-5M,2023-01-16 00:00:00,Mass Affluent
199,Thomas Phillips,1995-02-08 00:00:00,Female,UK,London,5M+,2025-03-22 00:00:00,HNW
200,George Lee,1977-11-18 00:00:00,Male,USA,Chicago,<500K,2022-09-02 00:00:00,Mass Affluent
201,Emma Rodriguez,1986-09-06 00:00:00,Male,UK,Birmingham,1M-5M,2020-03-13 00:00:00,Mass Affluent
202,Robert Anderson,1965-03-31 00:00:00,Male,USA,Seattle,500K-1M,2023-10-27 00:00:00,HNW
203,Rebecca Stewart,1964-09-13 00:00:00,Male,Germany,Stuttgart,5M+,2019-08-16 00:00:00,Mass Affluent
204,Donald Campbell,1952-02-08 00:00:00,Male,Canada,Edmonton,1M-5M,2015-09-20 00:00:00,Mass Affluent
205,Karen Garcia,1960-01-26 00:00:00,Female,France,Bordeaux,500K-1M,2021-03-16 00:00:00,Mass Affluent
206,Ethan White,1967-11-11 00:00:00,Female,Germany,Stuttgart,<500K,2018-07-27 00:00:00,Mass Affluent
207,David Clark,1992-01-07 00:00:00,Female,USA,Boston,1M-5M,2018-05-29 00:00:00,Mass Affluent
208,Sarah Stewart,1962-03-05 00:00:00,Male,Germany,Frankfurt,<500K,2022-02-27 00:00:00,HNW
209,Ashley Wright,1950-01-30 00:00:00,Female,Germany,Hamburg,1M-5M,2024-06-10 00:00:00,Mass Affluent
210,Rebecca Walker,1994-02-26 00:00:00,Male,USA,New York,5M+,2021-10-25 00:00:00,HNW
211,Amanda Williams,1959-08-31 00:00:00,Male,France,Lyon,<500K,2024-01-01 00:00:00,Mass Affluent
212,Patricia Thomas,1966-05-01 00:00:00,Female,UK,Bristol,5M+,2021-09-07 00:00:00,Mass Affluent
213,Elizabeth Robinson,1968-04-08 00:00:00,Male,UK,Edinburgh,500K-1M,2019-12-18 00:00:00,UHNW
214,Laura Ramirez,1959-09-06 00:00:00,Male,France,Toulouse,500K-1M,2017-01-07 00:00:00,UHNW
215,Joseph Miller,1977-06-18 00:00:00,Female,UK,Bristol,5M+,2020-12-01 00:00:00,UHNW
216,Donna Young,1969-01-31 00:00:00,Male,UK,Bristol,1M-5M,2016-08-06 00:00:00,Mass Affluent
217,John Nelson,1970-03-01 00:00:00,Male,USA,San Francisco,<500K,2025-01-27 00:00:00,Mass Affluent
218,Noah Nelson,1954-10-31 00:00:00,Male,USA,Chicago,<500K,2024-02-08 00:00:00,Mass Affluent
219,Ethan White,1993-11-13 00:00:00,Female,France,Toulouse,1M-5M,2016-02-15 00:00:00,UHNW
220,Sophia Rodriguez,1974-01-14 00:00:00,Female,USA,New York,1M-5M,2020-11-15 00:00:00,Mass Affluent
221,Richard Anderson,1952-07-15 00:00:00,Male,UK,Bristol,1M-5M,2021-01-09 00:00:00,Mass Affluent
222,Mary Phillips,1951-02-15 00:00:00,Male,Canada,Edmonton,500K-1M,2018-04-28 00:00:00,Mass Affluent
223,Robert Jones,1967-05-19 00:00:00,Male,USA,Chicago,500K-1M,2018-01-09 00:00:00,HNW
224,Steven Wright,1991-01-03 00:00:00,Female,Canada,Vancouver,500K-1M,2018-12-23 00:00:00,Mass Affluent
225,Steven Walker,1958-02-18 00:00:00,Male,Canada,Ottawa,500K-1M,2025-03-05 00:00:00,Mass Affluent
226,Andrew Hall,1974-04-07 00:00:00,Female,USA,Chicago,500K-1M,2023-04-12 00:00:00,Mass Affluent
227,Emily Jackson,1950-06-18 00:00:00,Female,UK,London,1M-5M,2021-10-31 00:00:00,Mass Affluent
228,Christopher Gonzalez,1961-05-12 00:00:00,Male,UK,Edinburgh,1M-5M,2025-02-15 00:00:00,Mass Affluent
229,Daniel Sanchez,1971-10-27 00:00:00,Male,USA,Miami,1M-5M,2018-08-02 00:00:00,Mass Affluent
230,Olivia Hall,1963-02-10 00:00:00,Male,USA,San Francisco,1M-5M,2024-09-28 00:00:00,Mass Affluent
231,Melissa Gonzalez,1968-03-03 00:00:00,Female,USA,San Francisco,1M-5M,2019-07-29 00:00:00,UHNW
232,Donna Nelson,1988-03-25 00:00:00,Male,USA,Chicago,500K-1M,2022-10-11 00:00:00,UHNW
233,Susan Gonzalez,1985-10-18 00:00:00,Female,USA,Chicago,1M-5M,2015-11-11 00:00:00,Mass Affluent
234,John Turner,1991-02-19 00:00:00,Female,France,Nice,5M+,2025-03-25 00:00:00,Mass Affluent
235,Deborah King,1967-02-13 00:00:00,Male,Canada,Toronto,5M+,2020-04-29 00:00:00,Mass Affluent
236,Lucas Gonzalez,1996-10-09 00:00:00,Female,USA,Miami,5M+,2021-02-20 00:00:00,HNW
237,Christopher Martin,1956-09-20 00:00:00,Female,USA,New York,<500K,2018-11-15 00:00:00,HNW
238,Sarah Walker,1950-10-19 00:00:00,Male,Canada,Vancouver,1M-5M,2015-04-04 00:00:00,Mass Affluent
239,Charles Rodriguez,1991-03-30 00:00:00,Male,UK,Bristol,<500K,2020-07-05 00:00:00,Mass Affluent
240,Andrew Sanchez,1981-03-23 00:00:00,Male,Germany,Munich,<500K,2016-12-26 00:00:00,HNW
241,Daniel Rodriguez,1982-06-22 00:00:00,Male,USA,New York,1M-5M,2018-05-19 00:00:00,Mass Affluent
242,Jessica Martinez,1957-09-21 00:00:00,Male,UK,Manchester,1M-5M,2019-12-03 00:00:00,UHNW
243,Robert White,1951-12-29 00:00:00,Male,Canada,Montreal,500K-1M,2019-05-16 00:00:00,Mass Affluent
244,Christopher Anderson,1970-08-28 00:00:00,Male,UK,Bristol,500K-1M,2016-02-16 00:00:00,HNW
245,Lisa Miller,1993-12-12 00:00:00,Female,USA,San Francisco,<500K,2021-10-01 00:00:00,Mass Affluent
246,Amanda Lewis,1994-03-26 00:00:00,Female,UK,London,<500K,2024-07-20 00:00:00,Mass Affluent
247,Sophia Brown,1948-09-02 00:00:00,Female,Canada,Ottawa,5M+,2019-12-02 00:00:00,Mass Affluent
248,Stephanie Collins,1984-10-03 00:00:00,Female,USA,Chicago,1M-5M,2015-10-16 00:00:00,UHNW
249,Mary White,1964-04-18 00:00:00,Female,France,Paris,500K-1M,2018-12-28 00:00:00,UHNW
250,Amanda Collins,1968-12-25 00:00:00,Female,France,Marseille,<500K,2022-09-02 00:00:00,HNW
251,Sophia Green,1969-12-07 00:00:00,Male,USA,Miami,500K-1M,2015-06-30 00:00:00,Mass Affluent
252,John Campbell,1962-01-04 00:00:00,Male,UK,Bristol,500K-1M,2017-02-15 00:00:00,Mass Affluent
253,Amanda Sanchez,1958-09-02 00:00:00,Male,France,Lyon,<500K,2023-08-14 00:00:00,UHNW
254,Brian Stewart,1993-02-26 00:00:00,Male,UK,Bristol,<500K,2024-07-31 00:00:00,HNW
255,Rebecca Perez,1961-05-24 00:00:00,Female,USA,San Francisco,<500K,2021-03-16 00:00:00,Mass Affluent
256,Melissa Miller,1984-10-19 00:00:00,Female,Canada,Calgary,500K-1M,2019-12-26 00:00:00,HNW
257,David Hall,1974-05-26 00:00:00,Female,Germany,Hamburg,<500K,2019-06-30 00:00:00,HNW
258,Richard Stewart,1979-02-22 00:00:00,Male,Canada,Edmonton,<500K,2019-09-14 00:00:00,Mass Affluent
259,Isabella Martin,1954-12-16 00:00:00,Female,USA,Boston,5M+,2023-11-12 00:00:00,Mass Affluent
260,Melissa Clark,1958-10-13 00:00:00,Male,USA,New York,<500K,2019-04-15 00:00:00,Mass Affluent
261,Jessica Lewis,1978-03-09 00:00:00,Male,UK,Edinburgh,1M-5M,2015-04-12 00:00:00,Mass Affluent
262,Carol Hall,1988-10-06 00:00:00,Female,USA,Seattle,500K-1M,2021-01-29 00:00:00,Mass Affluent
263,Karen Gonzalez,1956-10-22 00:00:00,Female,Canada,Ottawa,500K-1M,2024-03-13 00:00:00,HNW
264,Carol Perez,1967-02-27 00:00:00,Male,USA,Boston,500K-1M,2020-09-28 00:00:00,HNW
265,Charles Walker,1973-10-27 00:00:00,Female,UK,Edinburgh,<500K,2024-06-22 00:00:00,Mass Affluent
266,Carol Phillips,1976-09-07 00:00:00,Male,USA,Boston,500K-1M,2016-06-01 00:00:00,UHNW
267,Laura Carter,1962-12-18 00:00:00,Female,USA,San Francisco,5M+,2016-03-14 00:00:00,Mass Affluent
268,Thomas Hall,1959-10-01 00:00:00,Male,USA,Miami,500K-1M,2023-08-11 00:00:00,Mass Affluent
269,Emily White,1958-11-05 00:00:00,Female,USA,San Francisco,<500K,2016-08-09 00:00:00,UHNW
270,Steven Baker,1973-07-25 00:00:00,Female,Germany,Cologne,5M+,2023-06-13 00:00:00,Mass Affluent
271,Lisa Hernandez,1988-01-23 00:00:00,Male,USA,Seattle,1M-5M,2016-10-05 00:00:00,Mass Affluent
272,Ashley Young,1966-07-12 00:00:00,Male,UK,London,1M-5M,2021-09-10 00:00:00,Mass Affluent
273,Donna Jones,1986-07-23 00:00:00,Female,USA,Miami,500K-1M,2019-05-15 00:00:00,Mass Affluent
274,Melissa Rodriguez,1995-06-23 00:00:00,Male,UK,Bristol,<500K,2020-03-26 00:00:00,Mass Affluent
275,Elizabeth Hall,1950-01-12 00:00:00,Male,UK,Birmingham,1M-5M,2020-05-08 00:00:00,Mass Affluent
276,Sandra Edwards,1956-01-15 00:00:00,Female,USA,Chicago,5M+,2020-01-07 00:00:00,HNW
277,Patricia Turner,1987-09-23 00:00:00,Male,Germany,Stuttgart,1M-5M,2022-12-19 00:00:00,Mass Affluent
278,Lisa Sanchez,1959-09-19 00:00:00,Male,USA,Miami,1M-5M,2020-07-06 00:00:00,HNW
279,Deborah Young,1960-11-15 00:00:00,Male,Germany,Berlin,1M-5M,2019-07-29 00:00:00,Mass Affluent
280,Melissa Wilson,1996-10-25 00:00:00,Male,USA,Seattle,5M+,2020-04-06 00:00:00,UHNW
281,Susan Perez,1983-08-17 00:00:00,Female,Canada,Toronto,<500K,2021-01-23 00:00:00,Mass Affluent
282,Mary Wilson,1991-02-20 00:00:00,Female,USA,Chicago,500K-1M,2022-05-06 00:00:00,Mass Affluent
283,Melissa Anderson,1954-01-02 00:00:00,Male,USA,Boston,500K-1M,2016-02-04 00:00:00,Mass Affluent
284,David Nelson,1989-07-30 00:00:00,Male,France,Marseille,<500K,2015-08-08 00:00:00,Mass Affluent
285,William Taylor,1949-11-09 00:00:00,Female,USA,Seattle,500K-1M,2018-04-20 00:00:00,HNW
286,Jessica Ramirez,1988-05-04 00:00:00,Male,France,Nice,<500K,2024-11-04 00:00:00,HNW
287,William Baker,1953-04-20 00:00:00,Female,Canada,Montreal,1M-5M,2021-04-14 00:00:00,HNW
288,Steven Harris,1967-09-10 00:00:00,Female,Canada,Montreal,500K-1M,2024-09-13 00:00:00,HNW
289,Anthony Edwards,1959-02-14 00:00:00,Female,France,Lyon,<500K,2020-12-25 00:00:00,HNW
290,Richard Smith,1984-03-25 00:00:00,Male,Canada,Calgary,<500K,2017-09-05 00:00:00,UHNW
291,Robert Edwards,1953-03-03 00:00:00,Male,UK,Edinburgh,1M-5M,2017-08-30 00:00:00,Mass Affluent
292,Christopher Baker,1971-10-24 00:00:00,Male,Canada,Vancouver,1M-5M,2017-06-10 00:00:00,Mass Affluent
293,Stephanie Adams,1954-02-14 00:00:00,Female,UK,Manchester,5M+,2018-09-05 00:00:00,HNW
294,Mia Anderson,1969-07-11 00:00:00,Male,Canada,Calgary,<500K,2019-12-13 00:00:00,Mass Affluent
295,Ethan Turner,1993-05-10 00:00:00,Female,USA,New York,500K-1M,2022-02-09 00:00:00,Mass Affluent
296,David Thomas,1963-04-22 00:00:00,Male,Canada,Calgary,500K-1M,2019-04-21 00:00:00,UHNW
297,Patricia Young,1961-05-28 00:00:00,Male,France,Nice,1M-5M,2017-11-09 00:00:00,HNW
298,Nancy Perez,1990-06-18 00:00:00,Female,France,Toulouse,<500K,2021-01-20 00:00:00,Mass Affluent
299,Susan Carter,1959-10-25 00:00:00,Male,USA,Chicago,500K-1M,2018-03-20 00:00:00,Mass Affluent
300,Betty Sanchez,1994-08-27 00:00:00,Male,Germany,Munich,1M-5M,2022-05-02 00:00:00,Mass Affluent
301,Michelle Jones,1984-08-21 00:00:00,Female,USA,Miami,<500K,2020-02-25 00:00:00,Mass Affluent
302,Andrew Martin,1966-10-29 00:00:00,Male,France,Nice,1M-5M,2024-01-05 00:00:00,HNW
303,Melissa Stewart,1959-12-17 00:00:00,Male,USA,Chicago,1M-5M,2015-02-22 00:00:00,UHNW
304,Anthony Phillips,1968-01-14 00:00:00,Female,USA,New York,<500K,2022-11-02 00:00:00,Mass Affluent
305,Barbara Green,1976-09-26 00:00:00,Female,USA,Chicago,<500K,2022-11-14 00:00:00,HNW
306,Sandra Lopez,1969-04-21 00:00:00,Male,Canada,Toronto,1M-5M,2023-06-17 00:00:00,HNW
307,Daniel Anderson,1984-12-19 00:00:00,Male,UK,Edinburgh,1M-5M,2019-03-15 00:00:00,Mass Affluent
308,Matthew Wright,1993-09-25 00:00:00,Female,UK,Bristol,5M+,2022-09-12 00:00:00,Mass Affluent
309,Brian Baker,1974-08-23 00:00:00,Female,Germany,Cologne,500K-1M,2020-01-04 00:00:00,HNW
310,Carol Carter,1960-05-08 00:00:00,Female,USA,Chicago,500K-1M,2015-12-08 00:00:00,Mass Affluent
311,John Lopez,1949-08-24 00:00:00,Male,Germany,Berlin,<500K,2015-06-06 00:00:00,Mass Affluent
312,Ronald Ramirez,1963-10-07 00:00:00,Female,Germany,Hamburg,500K-1M,2018-07-01 00:00:00,HNW
313,Christopher Perez,1956-07-31 00:00:00,Female,USA,New York,<500K,2019-07-20 00:00:00,UHNW
314,Laura Robinson,1966-04-28 00:00:00,Male,UK,Bristol,500K-1M,2020-09-10 00:00:00,Mass Affluent
315,Emma Parker,1967-02-25 00:00:00,Female,UK,Birmingham,1M-5M,2024-01-13 00:00:00,Mass Affluent
316,Linda Johnson,1961-08-02 00:00:00,Female,Canada,Montreal,1M-5M,2022-05-13 00:00:00,HNW
317,Emily Johnson,1955-04-16 00:00:00,Female,Germany,Berlin,1M-5M,2019-03-31 00:00:00,HNW
318,Amanda Phillips,1954-11-21 00:00:00,Male,Canada,Calgary,<500K,2019-09-29 00:00:00,HNW
319,Patricia Sanchez,1952-09-10 00:00:00,Female,Germany,Cologne,<500K,2015-07-11 00:00:00,UHNW
320,Robert Hernandez,1988-02-23 00:00:00,Female,UK,Leeds,5M+,2017-08-10 00:00:00,Mass Affluent
321,Stephanie Miller,1962-11-21 00:00:00,Female,USA,Chicago,500K-1M,2021-06-21 00:00:00,HNW
322,William Perez,1993-02-06 00:00:00,Male,UK,Manchester,1M-5M,2024-06-09 00:00:00,Mass Affluent
323,Melissa Gonzalez,1956-06-23 00:00:00,Male,Canada,Edmonton,<500K,2018-08-27 00:00:00,UHNW
324,Lucas Taylor,1984-09-04 00:00:00,Male,USA,Boston,500K-1M,2024-10-15 00:00:00,HNW
325,Jessica Gonzalez,1967-06-29 00:00:00,Female,USA,Chicago,1M-5M,2015-08-29 00:00:00,Mass Affluent
326,Ronald Thomas,1992-03-07 00:00:00,Male,UK,Birmingham,<500K,2019-04-16 00:00:00,HNW
327,Donald Johnson,1965-05-16 00:00:00,Female,UK,Bristol,<500K,2024-09-23 00:00:00,HNW
328,John Jones,1996-04-16 00:00:00,Female,Canada,Ottawa,500K-1M,2021-05-20 00:00:00,Mass Affluent
329,Steven Wilson,1985-07-20 00:00:00,Female,USA,Chicago,5M+,2023-04-26 00:00:00,Mass Affluent
330,Paul Perez,1953-07-02 00:00:00,Male,Canada,Vancouver,<500K,2024-04-02 00:00:00,HNW
331,Michelle Rodriguez,1952-04-26 00:00:00,Female,Germany,Stuttgart,<500K,2023-10-31 00:00:00,Mass Affluent
332,Edward Hernandez,1950-09-06 00:00:00,Male,Canada,Calgary,1M-5M,2024-06-27 00:00:00,Mass Affluent
333,Rebecca Young,1954-10-24 00:00:00,Male,Germany,Cologne,1M-5M,2021-05-20 00:00:00,Mass Affluent
334,Rebecca Walker,1981-04-15 00:00:00,Male,France,Toulouse,500K-1M,2018-09-18 00:00:00,HNW
335,Carol Turner,1980-03-18 00:00:00,Female,USA,Chicago,5M+,2021-02-09 00:00:00,Mass Affluent
336,Amanda Thomas,1992-08-30 00:00:00,Male,USA,Chicago,<500K,2019-09-01 00:00:00,Mass Affluent
337,Linda Ramirez,1960-05-03 00:00:00,Female,UK,London,<500K,2024-07-02 00:00:00,UHNW
338,Michael Robinson,1962-04-05 00:00:00,Female,France,Lyon,<500K,2022-01-03 00:00:00,Mass Affluent
339,Robert Turner,1964-06-13 00:00:00,Female,UK,London,500K-1M,2024-06-04 00:00:00,Mass Affluent
340,Rebecca Thompson,1982-07-16 00:00:00,Female,USA,New York,5M+,2017-11-24 00:00:00,HNW
341,Sophia Turner,1952-10-17 00:00:00,Female,Canada,Calgary,1M-5M,2017-06-18 00:00:00,Mass Affluent
342,Lucas Jones,1996-11-30 00:00:00,Male,Canada,Edmonton,<500K,2023-06-06 00:00:00,HNW
343,Elizabeth Lewis,1976-04-14 00:00:00,Male,USA,Boston,1M-5M,2024-03-16 00:00:00,HNW
344,Carol Wright,1965-02-27 00:00:00,Female,Germany,Stuttgart,1M-5M,2022-04-17 00:00:00,HNW
345,Joseph Scott,1997-10-21 00:00:00,Male,USA,San Francisco,<500K,2025-02-19 00:00:00,UHNW
346,William Thomas,1961-11-01 00:00:00,Male,USA,Boston,1M-5M,2018-03-05 00:00:00,Mass Affluent
347,Joseph Thomas,1987-11-29 00:00:00,Female,USA,Miami,5M+,2016-10-08 00:00:00,Mass Affluent
348,David Garcia,1984-04-10 00:00:00,Male,USA,New York,500K-1M,2016-10-27 00:00:00,Mass Affluent
349,Isabella Moore,1978-12-07 00:00:00,Male,Canada,Calgary,500K-1M,2021-03-15 00:00:00,HNW
350,Laura Nelson,1981-08-17 00:00:00,Male,France,Toulouse,500K-1M,2015-04-01 00:00:00,Mass Affluent
351,Karen Miller,1949-01-22 00:00:00,Female,France,Lyon,5M+,2016-06-13 00:00:00,HNW
352,Jessica Thomas,1956-11-20 00:00:00,Male,Canada,Montreal,1M-5M,2024-04-03 00:00:00,UHNW
353,James Carter,1994-06-21 00:00:00,Male,UK,Edinburgh,1M-5M,2018-05-29 00:00:00,HNW
354,Thomas White,1993-02-01 00:00:00,Male,USA,San Francisco,1M-5M,2015-09-19 00:00:00,UHNW
355,Ethan White,1993-03-16 00:00:00,Female,USA,Miami,5M+,2023-01-29 00:00:00,Mass Affluent
356,Lucas Davis,1997-04-09 00:00:00,Female,USA,New York,1M-5M,2017-03-25 00:00:00,HNW
357,Jessica Allen,1996-11-17 00:00:00,Female,USA,Boston,<500K,2016-06-19 00:00:00,HNW
358,Ethan Martin,1969-05-25 00:00:00,Female,USA,Miami,<500K,2015-04-26 00:00:00,Mass Affluent
359,James Jones,1981-12-12 00:00:00,Female,Germany,Cologne,<500K,2019-07-06 00:00:00,HNW
360,Edward Edwards,1974-09-03 00:00:00,Male,UK,Edinburgh,<500K,2018-01-28 00:00:00,Mass Affluent
361,Stephanie Moore,1975-08-07 00:00:00,Female,Germany,Stuttgart,<500K,2021-12-04 00:00:00,Mass Affluent
362,Jennifer Stewart,1961-03-09 00:00:00,Female,USA,Miami,5M+,2022-11-02 00:00:00,Mass Affluent
363,George Phillips,1983-07-27 00:00:00,Male,Germany,Berlin,5M+,2016-05-27 00:00:00,Mass Affluent
364,Donna Campbell,1978-08-20 00:00:00,Female,USA,Chicago,<500K,2018-02-06 00:00:00,UHNW
365,Emma King,1953-03-20 00:00:00,Male,USA,Seattle,<500K,2017-08-28 00:00:00,Mass Affluent
366,Betty Thomas,1966-12-20 00:00:00,Male,France,Nice,1M-5M,2016-03-12 00:00:00,Mass Affluent
367,Lisa Perez,1976-01-02 00:00:00,Female,Germany,Munich,500K-1M,2016-09-25 00:00:00,HNW
368,Ethan Robinson,1974-12-02 00:00:00,Female,USA,Seattle,<500K,2024-09-23 00:00:00,Mass Affluent
369,Isabella Nelson,1976-01-08 00:00:00,Male,UK,London,500K-1M,2019-04-22 00:00:00,HNW
370,Susan Scott,1977-02-18 00:00:00,Male,Germany,Frankfurt,<500K,2019-11-27 00:00:00,HNW
371,Sandra Young,1997-02-05 00:00:00,Male,Canada,Montreal,5M+,2022-12-30 00:00:00,Mass Affluent
372,John Jones,1991-06-07 00:00:00,Male,Germany,Munich,<500K,2017-10-10 00:00:00,Mass Affluent
373,Emma Stewart,1948-06-03 00:00:00,Male,USA,Boston,1M-5M,2015-12-01 00:00:00,Mass Affluent
374,Patricia Miller,1951-01-04 00:00:00,Male,France,Marseille,5M+,2023-03-05 00:00:00,Mass Affluent
375,Michael Walker,1951-05-09 00:00:00,Female,France,Nice,1M-5M,2023-11-03 00:00:00,HNW
376,Betty Gonzalez,1952-06-12 00:00:00,Female,USA,New York,<500K,2016-09-14 00:00:00,Mass Affluent
377,Donna Phillips,1957-10-08 00:00:00,Male,France,Toulouse,500K-1M,2017-11-26 00:00:00,UHNW
378,Donna Parker,1982-03-09 00:00:00,Male,UK,London,<500K,2020-10-30 00:00:00,Mass Affluent
379,Rebecca Smith,1995-01-13 00:00:00,Female,France,Nice,1M-5M,2021-04-24 00:00:00,HNW
380,Ethan Scott,1980-12-20 00:00:00,Male,USA,Seattle,1M-5M,2017-11-17 00:00:00,Mass Affluent
381,Brian Turner,1955-07-02 00:00:00,Male,USA,San Francisco,5M+,2021-07-25 00:00:00,Mass Affluent
382,Susan Thompson,1960-05-20 00:00:00,Female,Canada,Vancouver,<500K,2022-03-15 00:00:00,HNW
383,Brian Martinez,1994-08-06 00:00:00,Female,Germany,Berlin,500K-1M,2025-03-23 00:00:00,HNW
384,William Phillips,1954-10-25 00:00:00,Female,France,Marseille,500K-1M,2015-12-03 00:00:00,UHNW
385,Sophia Green,1961-02-02 00:00:00,Female,Germany,Cologne,<500K,2022-10-28 00:00:00,Mass Affluent
386,David Nelson,1977-11-30 00:00:00,Female,USA,San Francisco,1M-5M,2015-02-06 00:00:00,HNW
387,Isabella Baker,1979-02-04 00:00:00,Female,UK,Leeds,500K-1M,2021-09-19 00:00:00,HNW
388,Melissa Phillips,1952-06-09 00:00:00,Male,France,Toulouse,500K-1M,2024-11-13 00:00:00,HNW
389,Karen Taylor,1973-07-24 00:00:00,Male,Germany,Munich,500K-1M,2019-09-05 00:00:00,HNW
390,Robert Lewis,1967-05-27 00:00:00,Female,USA,Chicago,1M-5M,2021-08-06 00:00:00,Mass Affluent
391,Mary Garcia,1990-03-04 00:00:00,Female,USA,Boston,500K-1M,2018-01-04 00:00:00,Mass Affluent
392,Sarah Allen,1968-01-04 00:00:00,Male,USA,Boston,5M+,2024-12-07 00:00:00,HNW
393,Robert Taylor,1974-06-18 00:00:00,Female,Canada,Vancouver,5M+,2019-07-30 00:00:00,Mass Affluent
394,Mark Turner,1987-05-04 00:00:00,Male,UK,Edinburgh,<500K,2022-01-28 00:00:00,Mass Affluent
395,Brian Turner,1948-09-17 00:00:00,Male,USA,Miami,1M-5M,2015-11-09 00:00:00,HNW
396,Ashley Perez,1989-02-24 00:00:00,Female,UK,London,1M-5M,2015-09-13 00:00:00,Mass Affluent
397,Linda Rodriguez,1990-11-01 00:00:00,Female,USA,New York,<500K,2016-09-21 00:00:00,Mass Affluent
398,Ashley Turner,1992-06-05 00:00:00,Female,UK,Birmingham,5M+,2025-03-10 00:00:00,Mass Affluent
399,William Nelson,1967-01-13 00:00:00,Male,USA,Miami,1M-5M,2015-12-21 00:00:00,Mass Affluent
400,Ethan Wright,1953-08-27 00:00:00,Male,France,Toulouse,1M-5M,2016-03-16 00:00:00,HNW
401,Charlotte Adams,1960-08-14 00:00:00,Male,UK,Bristol,5M+,2022-07-30 00:00:00,HNW
402,Amanda Martin,1984-01-03 00:00:00,Male,USA,Chicago,5M+,2017-09-11 00:00:00,UHNW
403,Andrew Edwards,1957-01-28 00:00:00,Female,Canada,Vancouver,<500K,2022-04-19 00:00:00,Mass Affluent
404,Michelle Lee,1962-01-02 00:00:00,Male,USA,Miami,5M+,2023-05-15 00:00:00,Mass Affluent
405,Lucas Young,1972-04-12 00:00:00,Female,Canada,Toronto,<500K,2021-08-07 00:00:00,Mass Affluent
406,Christopher Campbell,1979-08-13 00:00:00,Male,USA,Seattle,5M+,2021-10-09 00:00:00,Mass Affluent
407,Isabella Green,1956-02-28 00:00:00,Female,France,Nice,500K-1M,2021-11-07 00:00:00,HNW
408,Charles Hernandez,1995-05-21 00:00:00,Male,UK,Birmingham,1M-5M,2020-07-01 00:00:00,Mass Affluent
409,Richard Stewart,1984-12-01 00:00:00,Male,UK,Birmingham,<500K,2023-01-29 00:00:00,UHNW
410,Joseph Campbell,1972-12-10 00:00:00,Female,USA,New York,1M-5M,2018-03-20 00:00:00,Mass Affluent
411,Ashley Lee,1985-09-01 00:00:00,Female,USA,New York,1M-5M,2021-05-18 00:00:00,HNW
412,Robert Garcia,1958-12-21 00:00:00,Male,USA,Miami,<500K,2017-10-08 00:00:00,Mass Affluent
413,Paul Thomas,1972-07-11 00:00:00,Male,Canada,Calgary,5M+,2016-07-15 00:00:00,Mass Affluent
414,Donald Sanchez,1993-03-28 00:00:00,Male,Germany,Stuttgart,1M-5M,2023-08-30 00:00:00,HNW
415,Jessica Phillips,1984-03-20 00:00:00,Female,UK,Birmingham,500K-1M,2017-11-13 00:00:00,Mass Affluent
416,Anthony Martin,1964-07-29 00:00:00,Male,Germany,Cologne,1M-5M,2015-12-23 00:00:00,Mass Affluent
417,Daniel Wright,1961-08-09 00:00:00,Female,USA,Chicago,500K-1M,2024-07-24 00:00:00,Mass Affluent
418,Ronald Wright,1990-06-05 00:00:00,Female,USA,San Francisco,500K-1M,2016-09-18 00:00:00,Mass Affluent
419,Stephanie Moore,1985-12-11 00:00:00,Male,UK,Birmingham,<500K,2024-10-22 00:00:00,Mass Affluent
420,George Scott,1994-01-12 00:00:00,Female,Canada,Vancouver,500K-1M,2016-12-23 00:00:00,HNW
421,Carol Scott,1956-05-03 00:00:00,Female,UK,Manchester,1M-5M,2022-12-26 00:00:00,UHNW
422,Brian Johnson,1951-07-18 00:00:00,Female,USA,San Francisco,500K-1M,2015-05-26 00:00:00,Mass Affluent
423,Brian King,1975-05-07 00:00:00,Female,Canada,Vancouver,<500K,2017-01-19 00:00:00,Mass Affluent
424,Michael Lewis,1985-08-11 00:00:00,Female,France,Paris,1M-5M,2023-02-21 00:00:00,Mass Affluent
425,Deborah Rodriguez,1982-06-17 00:00:00,Female,USA,San Francisco,1M-5M,2018-12-15 00:00:00,Mass Affluent
426,William Walker,1991-11-19 00:00:00,Female,Canada,Vancouver,<500K,2025-01-21 00:00:00,HNW
427,Lucas Ramirez,1982-03-07 00:00:00,Male,Canada,Toronto,1M-5M,2024-07-01 00:00:00,Mass Affluent
428,William Turner,1976-07-21 00:00:00,Female,UK,Birmingham,1M-5M,2016-01-15 00:00:00,HNW
429,Ashley Evans,1989-03-21 00:00:00,Male,Germany,Berlin,500K-1M,2016-04-05 00:00:00,Mass Affluent
430,Linda Moore,1976-09-08 00:00:00,Male,UK,London,500K-1M,2023-08-01 00:00:00,HNW
431,William Thomas,1984-02-12 00:00:00,Male,USA,Boston,<500K,2016-02-06 00:00:00,HNW
432,Jennifer Miller,1963-01-18 00:00:00,Male,USA,Seattle,1M-5M,2024-02-17 00:00:00,HNW
433,Amanda Baker,1994-04-19 00:00:00,Male,USA,Chicago,<500K,2020-11-23 00:00:00,HNW
434,Charlotte Jackson,1968-12-25 00:00:00,Female,USA,Miami,500K-1M,2023-07-21 00:00:00,Mass Affluent
435,Nancy Rodriguez,1965-07-20 00:00:00,Female,UK,London,500K-1M,2024-05-11 00:00:00,HNW
436,Daniel Carter,1950-03-24 00:00:00,Male,USA,New York,5M+,2016-06-30 00:00:00,Mass Affluent
437,Sandra Jackson,1953-07-28 00:00:00,Female,Canada,Vancouver,500K-1M,2023-05-10 00:00:00,UHNW
438,Jennifer Thomas,1953-07-25 00:00:00,Male,USA,Seattle,5M+,2019-03-15 00:00:00,HNW
439,Ethan Green,1976-08-25 00:00:00,Female,Germany,Hamburg,<500K,2016-10-09 00:00:00,UHNW
440,Rebecca Brown,1965-12-19 00:00:00,Male,UK,Leeds,1M-5M,2020-12-21 00:00:00,Mass Affluent
441,Lucas King,1952-08-21 00:00:00,Male,UK,Edinburgh,1M-5M,2024-04-15 00:00:00,UHNW
442,Betty White,1984-01-01 00:00:00,Male,UK,Manchester,500K-1M,2025-01-10 00:00:00,HNW
443,Sandra Stewart,1990-10-30 00:00:00,Female,Canada,Montreal,500K-1M,2022-01-10 00:00:00,Mass Affluent
444,Liam Hall,1980-03-10 00:00:00,Male,USA,New York,500K-1M,2024-02-08 00:00:00,Mass Affluent
445,John Taylor,1984-10-21 00:00:00,Female,USA,Chicago,<500K,2016-11-04 00:00:00,HNW
446,Isabella Anderson,1980-08-28 00:00:00,Male,Canada,Edmonton,500K-1M,2019-01-06 00:00:00,Mass Affluent
447,Charles Robinson,1972-01-08 00:00:00,Male,Canada,Edmonton,1M-5M,2015-04-03 00:00:00,HNW
448,George Wright,1983-10-21 00:00:00,Female,USA,Chicago,1M-5M,2022-02-03 00:00:00,HNW
449,Susan Robinson,1995-01-13 00:00:00,Male,UK,Manchester,1M-5M,2021-02-25 00:00:00,Mass Affluent
450,Robert Wilson,1995-10-14 00:00:00,Female,USA,Miami,5M+,2019-05-09 00:00:00,HNW
451,Susan Carter,1975-07-17 00:00:00,Male,USA,New York,<500K,2022-01-18 00:00:00,HNW
452,David Allen,1948-05-20 00:00:00,Female,France,Bordeaux,<500K,2018-09-21 00:00:00,Mass Affluent
453,Isabella Carter,1969-01-21 00:00:00,Male,UK,Edinburgh,1M-5M,2024-08-19 00:00:00,HNW
454,Karen Rodriguez,1961-05-24 00:00:00,Male,Germany,Munich,500K-1M,2021-09-09 00:00:00,Mass Affluent
455,Daniel Lopez,1963-01-18 00:00:00,Male,Canada,Calgary,1M-5M,2019-08-22 00:00:00,UHNW
456,Charles Garcia,1959-03-25 00:00:00,Male,USA,San Francisco,5M+,2016-07-24 00:00:00,Mass Affluent
457,Betty Thompson,1988-03-09 00:00:00,Female,USA,Boston,1M-5M,2017-05-23 00:00:00,Mass Affluent
458,Liam Thomas,1948-06-07 00:00:00,Male,USA,San Francisco,5M+,2016-03-28 00:00:00,HNW
459,Mark Evans,1950-11-25 00:00:00,Female,France,Toulouse,<500K,2021-09-05 00:00:00,UHNW
460,Liam Lewis,1961-07-31 00:00:00,Male,Canada,Edmonton,1M-5M,2017-06-25 00:00:00,Mass Affluent
461,Ronald Hernandez,1975-04-12 00:00:00,Male,UK,Birmingham,1M-5M,2020-01-15 00:00:00,HNW
462,James Jackson,1996-04-11 00:00:00,Male,UK,Birmingham,<500K,2022-11-28 00:00:00,HNW
463,Steven Nelson,1983-10-27 00:00:00,Male,UK,Bristol,<500K,2016-08-11 00:00:00,Mass Affluent
464,James Parker,1975-12-11 00:00:00,Female,Canada,Vancouver,<500K,2019-09-29 00:00:00,HNW
465,Joseph Lewis,1955-12-02 00:00:00,Female,Germany,Hamburg,500K-1M,2024-02-15 00:00:00,Mass Affluent
466,Sandra Hernandez,1949-03-29 00:00:00,Male,USA,New York,1M-5M,2019-02-14 00:00:00,HNW
467,Liam Jackson,1969-03-25 00:00:00,Female,France,Nice,500K-1M,2021-11-03 00:00:00,Mass Affluent
468,Karen Martin,1997-09-07 00:00:00,Male,USA,New York,<500K,2016-02-10 00:00:00,HNW
469,Laura Stewart,1992-11-29 00:00:00,Male,USA,Chicago,<500K,2019-12-28 00:00:00,HNW
470,Patricia Evans,1981-05-28 00:00:00,Male,Germany,Munich,5M+,2020-03-27 00:00:00,HNW
471,Mia Thomas,1988-07-31 00:00:00,Male,USA,Boston,<500K,2016-03-07 00:00:00,HNW
472,Lucas Lewis,1958-08-02 00:00:00,Female,France,Bordeaux,1M-5M,2024-10-26 00:00:00,UHNW
473,Joseph Smith,1996-09-09 00:00:00,Male,USA,Seattle,500K-1M,2022-07-02 00:00:00,Mass Affluent
474,Sophia Williams,1984-12-31 00:00:00,Male,USA,New York,500K-1M,2017-04-22 00:00:00,Mass Affluent
475,Lisa Jackson,1985-03-29 00:00:00,Male,Canada,Vancouver,500K-1M,2017-03-06 00:00:00,HNW
476,Noah Martinez,1972-03-10 00:00:00,Male,USA,New York,<500K,2016-08-21 00:00:00,Mass Affluent
477,Lucas Ramirez,1993-12-30 00:00:00,Female,Germany,Hamburg,500K-1M,2015-07-02 00:00:00,HNW
478,Mia Edwards,1994-04-06 00:00:00,Female,USA,Chicago,5M+,2019-04-19 00:00:00,HNW
479,George Green,1955-07-29 00:00:00,Female,France,Toulouse,500K-1M,2024-10-18 00:00:00,Mass Affluent
480,Robert Gonzalez,1952-02-19 00:00:00,Female,USA,Miami,500K-1M,2021-03-30 00:00:00,Mass Affluent
481,Ronald Robinson,1980-09-21 00:00:00,Male,USA,New York,500K-1M,2022-07-07 00:00:00,Mass Affluent
482,Noah Hernandez,1965-08-13 00:00:00,Male,Germany,Hamburg,<500K,2019-11-27 00:00:00,HNW
483,Mary Scott,1992-06-02 00:00:00,Female,France,Toulouse,500K-1M,2024-12-25 00:00:00,Mass Affluent
484,Elizabeth Davis,1952-04-02 00:00:00,Female,Germany,Frankfurt,1M-5M,2017-08-27 00:00:00,UHNW
485,Elizabeth Lopez,1993-10-11 00:00:00,Male,USA,Chicago,<500K,2024-09-02 00:00:00,HNW
486,Emma Scott,1981-05-12 00:00:00,Female,USA,Chicago,<500K,2019-10-08 00:00:00,UHNW
487,Sophia Scott,1950-10-13 00:00:00,Male,UK,Manchester,<500K,2019-04-06 00:00:00,Mass Affluent
488,Ethan Wright,1973-01-07 00:00:00,Female,USA,Boston,1M-5M,2024-07-25 00:00:00,UHNW
489,Noah King,1954-04-04 00:00:00,Male,France,Paris,5M+,2024-04-19 00:00:00,Mass Affluent
490,James Brown,1984-09-14 00:00:00,Female,USA,New York,500K-1M,2023-01-08 00:00:00,HNW
491,Lucas Garcia,1960-07-18 00:00:00,Male,Germany,Cologne,1M-5M,2017-09-23 00:00:00,HNW
492,Jessica Robinson,1956-05-04 00:00:00,Female,Canada,Toronto,<500K,2019-04-26 00:00:00,Mass Affluent
493,Paul Turner,1985-12-17 00:00:00,Male,Canada,Ottawa,<500K,2020-02-15 00:00:00,HNW
494,Liam Stewart,1978-07-12 00:00:00,Female,USA,Seattle,500K-1M,2019-06-29 00:00:00,Mass Affluent
495,Noah King,1957-04-18 00:00:00,Male,USA,Chicago,1M-5M,2023-12-29 00:00:00,Mass Affluent
496,Steven Thompson,1959-03-27 00:00:00,Male,Canada,Edmonton,1M-5M,2019-10-04 00:00:00,UHNW
497,Barbara Phillips,1988-02-06 00:00:00,Female,Canada,Toronto,<500K,2022-10-24 00:00:00,HNW
498,Mark Young,1972-08-28 00:00:00,Female,Canada,Edmonton,<500K,2017-10-13 00:00:00,HNW
499,Michael Johnson,1987-04-10 00:00:00,Female,UK,Manchester,5M+,2016-09-19 00:00:00,Mass Affluent
500,Sophia Phillips,1949-05-22 00:00:00,Male,France,Nice,500K-1M,2017-03-27 00:00:00,UHNW
501,Kenneth Taylor,1975-04-11 00:00:00,Male,USA,San Francisco,500K-1M,2017-05-11 00:00:00,Mass Affluent
502,Susan Hall,1989-04-18 00:00:00,Female,UK,Birmingham,<500K,2019-01-19 00:00:00,HNW
503,Anthony Adams,1975-12-12 00:00:00,Female,Canada,Vancouver,5M+,2023-08-21 00:00:00,Mass Affluent
504,Christopher Perez,1992-05-06 00:00:00,Male,USA,Boston,1M-5M,2015-02-12 00:00:00,HNW
505,Rebecca Allen,1954-09-01 00:00:00,Male,Canada,Vancouver,500K-1M,2016-03-20 00:00:00,HNW
506,Joshua Johnson,1948-04-08 00:00:00,Female,UK,London,500K-1M,2022-03-31 00:00:00,Mass Affluent
507,Andrew Lopez,1994-06-07 00:00:00,Male,UK,Manchester,<500K,2018-12-18 00:00:00,HNW
508,Barbara Gonzalez,1963-03-01 00:00:00,Male,USA,New York,<500K,2015-09-22 00:00:00,HNW
509,Mia Jackson,1957-08-16 00:00:00,Female,Canada,Montreal,1M-5M,2023-08-04 00:00:00,UHNW
510,Emma Lopez,1950-06-23 00:00:00,Female,UK,London,1M-5M,2015-04-18 00:00:00,Mass Affluent
511,Emily Johnson,1967-09-12 00:00:00,Male,France,Paris,<500K,2024-10-09 00:00:00,Mass Affluent
512,Betty Rodriguez,1980-07-15 00:00:00,Female,Canada,Vancouver,<500K,2019-11-06 00:00:00,UHNW
513,Daniel Nelson,1955-09-25 00:00:00,Female,Canada,Vancouver,500K-1M,2019-01-20 00:00:00,HNW
514,Emily Wright,1975-07-14 00:00:00,Male,USA,Boston,1M-5M,2017-01-06 00:00:00,Mass Affluent
515,Ashley Evans,1983-12-04 00:00:00,Female,USA,Boston,500K-1M,2017-07-26 00:00:00,Mass Affluent
516,Charles Martinez,1968-02-16 00:00:00,Male,Germany,Munich,500K-1M,2020-03-19 00:00:00,Mass Affluent
517,Olivia Davis,1967-05-07 00:00:00,Female,UK,Leeds,1M-5M,2022-10-15 00:00:00,Mass Affluent
518,Laura Anderson,1983-09-13 00:00:00,Male,Canada,Calgary,1M-5M,2019-09-22 00:00:00,HNW
519,Olivia Baker,1956-10-04 00:00:00,Female,UK,London,1M-5M,2023-10-15 00:00:00,HNW
520,Paul Phillips,1958-07-30 00:00:00,Female,UK,London,1M-5M,2021-04-06 00:00:00,HNW
521,Daniel Jones,1987-09-10 00:00:00,Male,Germany,Munich,500K-1M,2017-04-15 00:00:00,UHNW
522,Lucas Wilson,1976-11-07 00:00:00,Female,UK,London,<500K,2021-03-03 00:00:00,Mass Affluent
523,Lisa Turner,1957-12-25 00:00:00,Male,Canada,Calgary,5M+,2020-08-28 00:00:00,Mass Affluent
524,Brian Johnson,1986-06-12 00:00:00,Female,USA,Seattle,<500K,2021-03-31 00:00:00,Mass Affluent
525,Susan Martin,1965-07-25 00:00:00,Female,USA,New York,1M-5M,2020-09-24 00:00:00,HNW
526,Emily Turner,1987-08-16 00:00:00,Female,USA,San Francisco,1M-5M,2021-08-31 00:00:00,HNW
527,Mark Williams,1966-02-11 00:00:00,Female,USA,Seattle,<500K,2016-02-06 00:00:00,Mass Affluent
528,Ronald Collins,1962-09-25 00:00:00,Male,USA,New York,5M+,2020-03-16 00:00:00,UHNW
529,Stephanie Adams,1993-05-29 00:00:00,Male,France,Marseille,5M+,2020-04-30 00:00:00,Mass Affluent
530,Liam Collins,1962-07-06 00:00:00,Female,UK,Birmingham,<500K,2018-01-01 00:00:00,UHNW
531,Paul Robinson,1961-11-11 00:00:00,Male,USA,San Francisco,<500K,2022-04-05 00:00:00,HNW
532,Joseph Wilson,1956-12-02 00:00:00,Female,Canada,Vancouver,5M+,2016-01-28 00:00:00,UHNW
533,Sophia Harris,1982-04-20 00:00:00,Male,Germany,Munich,<500K,2015-02-03 00:00:00,HNW
534,Linda Green,1949-12-06 00:00:00,Male,USA,Boston,<500K,2018-12-01 00:00:00,Mass Affluent
535,Michelle Adams,1997-12-24 00:00:00,Female,Germany,Frankfurt,1M-5M,2024-08-19 00:00:00,HNW
536,Anthony Thompson,1968-12-26 00:00:00,Male,UK,Leeds,<500K,2017-12-19 00:00:00,Mass Affluent
537,Michael Campbell,1955-02-15 00:00:00,Female,USA,San Francisco,500K-1M,2022-12-20 00:00:00,Mass Affluent
538,Richard Gonzalez,1971-03-27 00:00:00,Male,Germany,Berlin,500K-1M,2023-10-14 00:00:00,Mass Affluent
539,John Anderson,1951-05-02 00:00:00,Female,France,Bordeaux,500K-1M,2017-11-25 00:00:00,Mass Affluent
540,Donna Stewart,1958-05-15 00:00:00,Female,Germany,Berlin,<500K,2021-06-23 00:00:00,Mass Affluent
541,Noah Campbell,1959-04-30 00:00:00,Male,USA,Chicago,1M-5M,2024-04-03 00:00:00,UHNW
542,Sophia Stewart,1974-03-12 00:00:00,Female,UK,Edinburgh,5M+,2017-07-10 00:00:00,HNW
543,Donna Edwards,1967-08-09 00:00:00,Female,UK,Leeds,<500K,2016-08-25 00:00:00,Mass Affluent
544,Richard Lopez,1967-12-01 00:00:00,Female,France,Nice,1M-5M,2021-09-18 00:00:00,HNW
545,Thomas Clark,1975-07-01 00:00:00,Male,UK,Edinburgh,<500K,2015-03-06 00:00:00,Mass Affluent
546,Charles Collins,1996-08-31 00:00:00,Male,France,Lyon,500K-1M,2018-06-11 00:00:00,HNW
547,George Edwards,1974-11-05 00:00:00,Male,Germany,Berlin,1M-5M,2019-03-14 00:00:00,Mass Affluent
548,Deborah Lopez,1996-11-14 00:00:00,Male,USA,New York,<500K,2018-06-15 00:00:00,Mass Affluent
549,Carol Miller,1974-06-09 00:00:00,Female,UK,Bristol,<500K,2016-02-05 00:00:00,Mass Affluent
550,James Martin,1948-06-18 00:00:00,Male,Canada,Toronto,500K-1M,2020-11-19 00:00:00,UHNW
551,Michelle Taylor,1962-06-23 00:00:00,Male,Germany,Berlin,<500K,2015-04-21 00:00:00,Mass Affluent
552,Sandra Turner,1994-02-01 00:00:00,Male,USA,San Francisco,<500K,2017-07-05 00:00:00,UHNW
553,Jennifer Smith,1997-10-09 00:00:00,Female,UK,Edinburgh,500K-1M,2019-02-16 00:00:00,Mass Affluent
554,Daniel Turner,1980-06-14 00:00:00,Male,France,Lyon,<500K,2019-10-20 00:00:00,Mass Affluent
555,Betty Clark,1968-03-17 00:00:00,Female,USA,San Francisco,500K-1M,2023-01-01 00:00:00,UHNW
556,Liam Campbell,1966-10-21 00:00:00,Female,France,Toulouse,1M-5M,2021-06-27 00:00:00,HNW
557,Joshua Thompson,1973-03-14 00:00:00,Female,USA,New York,<500K,2024-10-29 00:00:00,Mass Affluent
558,Joshua Martin,1985-04-06 00:00:00,Female,UK,Bristol,5M+,2020-12-21 00:00:00,Mass Affluent
559,Ashley Stewart,1951-05-10 00:00:00,Female,UK,Leeds,500K-1M,2023-10-21 00:00:00,HNW
560,Emily Harris,1989-10-01 00:00:00,Female,USA,Miami,500K-1M,2018-09-27 00:00:00,Mass Affluent
561,Elizabeth Edwards,1996-03-14 00:00:00,Female,Germany,Frankfurt,1M-5M,2018-09-03 00:00:00,HNW
562,Laura Lopez,1975-11-09 00:00:00,Male,USA,Boston,<500K,2023-08-23 00:00:00,HNW
563,Jennifer Ramirez,1953-11-27 00:00:00,Female,France,Toulouse,500K-1M,2015-11-23 00:00:00,HNW
564,Deborah Garcia,1949-11-15 00:00:00,Male,UK,Edinburgh,<500K,2023-06-29 00:00:00,Mass Affluent
565,Lisa Wilson,1977-12-04 00:00:00,Male,Canada,Montreal,500K-1M,2020-12-11 00:00:00,Mass Affluent
566,Mia Evans,1970-07-01 00:00:00,Male,UK,Leeds,1M-5M,2024-03-05 00:00:00,HNW
567,Patricia Phillips,1982-09-29 00:00:00,Male,USA,San Francisco,1M-5M,2021-04-19 00:00:00,HNW
568,Sophia Smith,1949-10-08 00:00:00,Female,USA,Boston,<500K,2024-04-27 00:00:00,HNW
569,Ethan Clark,1954-02-16 00:00:00,Female,France,Paris,500K-1M,2019-11-30 00:00:00,HNW
570,Barbara Adams,1958-07-11 00:00:00,Male,UK,Bristol,1M-5M,2019-07-31 00:00:00,HNW
571,Melissa Miller,1973-04-12 00:00:00,Male,UK,Edinburgh,1M-5M,2023-05-16 00:00:00,Mass Affluent
572,Joseph Martin,1986-11-20 00:00:00,Female,USA,Chicago,1M-5M,2024-07-08 00:00:00,Mass Affluent
573,George White,1955-04-19 00:00:00,Female,USA,Chicago,<500K,2018-10-19 00:00:00,HNW
574,Carol Collins,1964-07-09 00:00:00,Female,Canada,Edmonton,1M-5M,2020-12-30 00:00:00,Mass Affluent
575,Sarah Green,1982-03-23 00:00:00,Male,UK,London,<500K,2022-07-07 00:00:00,Mass Affluent
576,David Martin,1964-06-18 00:00:00,Male,Canada,Montreal,500K-1M,2024-04-08 00:00:00,Mass Affluent
577,Andrew Hernandez,1950-06-23 00:00:00,Male,Germany,Cologne,500K-1M,2015-05-15 00:00:00,Mass Affluent
578,Donna Walker,1949-11-04 00:00:00,Female,Canada,Toronto,1M-5M,2024-02-24 00:00:00,Mass Affluent
579,Sophia Scott,1952-08-24 00:00:00,Male,Canada,Edmonton,1M-5M,2022-10-31 00:00:00,HNW
580,John Martin,1992-06-22 00:00:00,Male,Canada,Montreal,1M-5M,2023-12-06 00:00:00,HNW
581,Charles Jackson,1958-09-24 00:00:00,Female,Germany,Berlin,<500K,2017-05-25 00:00:00,HNW
582,Anthony Johnson,1972-03-19 00:00:00,Female,France,Nice,500K-1M,2016-02-27 00:00:00,Mass Affluent
583,Melissa Jones,1972-01-03 00:00:00,Male,France,Bordeaux,<500K,2020-08-31 00:00:00,UHNW
584,Andrew Brown,1949-06-11 00:00:00,Male,Germany,Munich,1M-5M,2021-05-26 00:00:00,Mass Affluent
585,Matthew Evans,1989-02-16 00:00:00,Female,France,Toulouse,5M+,2017-10-03 00:00:00,HNW
586,Jennifer Taylor,1949-09-17 00:00:00,Female,France,Marseille,1M-5M,2016-07-31 00:00:00,Mass Affluent
587,Ethan Jones,1990-07-08 00:00:00,Male,USA,Boston,<500K,2024-02-23 00:00:00,HNW
588,Andrew Wilson,1987-10-04 00:00:00,Female,UK,London,1M-5M,2016-05-04 00:00:00,Mass Affluent
589,John Wright,1984-05-16 00:00:00,Female,France,Bordeaux,500K-1M,2015-11-27 00:00:00,HNW
590,Mia Allen,1982-02-06 00:00:00,Male,USA,Miami,<500K,2015-10-16 00:00:00,Mass Affluent
591,Edward Nelson,1949-05-14 00:00:00,Male,UK,Leeds,5M+,2018-06-12 00:00:00,HNW
592,Ashley King,1986-06-06 00:00:00,Male,UK,Bristol,1M-5M,2019-04-05 00:00:00,Mass Affluent
593,John Rodriguez,1965-07-03 00:00:00,Male,UK,Manchester,1M-5M,2021-10-14 00:00:00,HNW
594,Charles Taylor,1956-02-08 00:00:00,Male,USA,Boston,1M-5M,2023-02-04 00:00:00,Mass Affluent
595,Lucas Perez,1986-02-21 00:00:00,Female,UK,Leeds,500K-1M,2022-10-24 00:00:00,Mass Affluent
596,Andrew Clark,1973-05-04 00:00:00,Female,UK,Leeds,1M-5M,2019-10-16 00:00:00,Mass Affluent
597,Sarah Nelson,1961-10-27 00:00:00,Female,Germany,Berlin,500K-1M,2015-03-19 00:00:00,HNW
598,Barbara Scott,1993-09-11 00:00:00,Female,UK,Manchester,<500K,2018-03-09 00:00:00,HNW
599,Richard Wilson,1976-07-28 00:00:00,Male,USA,San Francisco,500K-1M,2022-02-16 00:00:00,UHNW
600,Charlotte Green,1977-02-08 00:00:00,Female,USA,Seattle,1M-5M,2023-11-19 00:00:00,Mass Affluent
601,Ashley Clark,1969-04-07 00:00:00,Female,France,Marseille,500K-1M,2017-12-05 00:00:00,Mass Affluent
602,Jessica Johnson,1977-02-14 00:00:00,Female,France,Nice,<500K,2019-02-20 00:00:00,Mass Affluent
603,David Moore,1978-01-03 00:00:00,Male,Canada,Calgary,<500K,2024-01-18 00:00:00,HNW
604,Mark Nelson,1974-12-25 00:00:00,Female,Canada,Montreal,1M-5M,2022-04-13 00:00:00,Mass Affluent
605,Emily Brown,1961-01-25 00:00:00,Female,UK,Leeds,1M-5M,2021-07-11 00:00:00,Mass Affluent
606,Nancy Jackson,1983-04-04 00:00:00,Female,Germany,Cologne,5M+,2016-03-22 00:00:00,Mass Affluent
607,Donna Parker,1977-08-25 00:00:00,Male,UK,Bristol,500K-1M,2017-03-04 00:00:00,HNW
608,John Gonzalez,1960-04-28 00:00:00,Female,USA,San Francisco,5M+,2019-06-01 00:00:00,HNW
609,Paul Rodriguez,1952-01-02 00:00:00,Male,UK,Birmingham,1M-5M,2017-04-02 00:00:00,Mass Affluent
610,Mia Hall,1954-06-11 00:00:00,Male,USA,New York,500K-1M,2017-01-28 00:00:00,Mass Affluent
611,Lisa Phillips,1949-06-13 00:00:00,Female,Germany,Frankfurt,500K-1M,2019-03-15 00:00:00,HNW
612,Matthew White,1985-01-12 00:00:00,Female,USA,Seattle,500K-1M,2019-11-16 00:00:00,HNW
613,Daniel Scott,1968-07-11 00:00:00,Female,UK,London,<500K,2021-03-27 00:00:00,HNW
614,Lisa Adams,1949-03-24 00:00:00,Male,Canada,Edmonton,<500K,2020-05-26 00:00:00,Mass Affluent
615,Brian Williams,1996-12-15 00:00:00,Female,USA,Seattle,<500K,2019-12-31 00:00:00,HNW
616,Linda Hall,1956-10-10 00:00:00,Female,USA,San Francisco,<500K,2020-10-05 00:00:00,Mass Affluent
617,Deborah Hall,1983-10-20 00:00:00,Female,USA,San Francisco,1M-5M,2018-11-03 00:00:00,UHNW
618,Mia Baker,1950-03-05 00:00:00,Female,Canada,Montreal,<500K,2020-09-10 00:00:00,Mass Affluent
619,Barbara Lee,1984-11-03 00:00:00,Female,Canada,Vancouver,1M-5M,2023-12-19 00:00:00,UHNW
620,Thomas Gonzalez,1962-10-21 00:00:00,Male,USA,New York,1M-5M,2020-04-14 00:00:00,Mass Affluent
621,Steven Phillips,1995-12-07 00:00:00,Female,Canada,Vancouver,500K-1M,2019-05-21 00:00:00,HNW
622,Nancy Turner,1982-11-05 00:00:00,Female,France,Bordeaux,<500K,2020-01-28 00:00:00,Mass Affluent
623,Brian Turner,1953-01-24 00:00:00,Female,UK,Bristol,1M-5M,2024-08-23 00:00:00,HNW
624,Jessica Walker,1990-02-01 00:00:00,Male,Canada,Toronto,5M+,2019-01-14 00:00:00,HNW
625,Charles Parker,1958-03-29 00:00:00,Female,Canada,Montreal,500K-1M,2022-02-02 00:00:00,Mass Affluent
626,Andrew Collins,1967-09-20 00:00:00,Female,UK,London,1M-5M,2019-07-10 00:00:00,HNW
627,Isabella Scott,1949-11-19 00:00:00,Female,Germany,Berlin,1M-5M,2022-12-30 00:00:00,HNW
628,Lucas Green,1958-05-19 00:00:00,Female,Germany,Frankfurt,<500K,2024-06-03 00:00:00,HNW
629,Joseph Lee,1981-11-07 00:00:00,Female,USA,New York,<500K,2019-09-27 00:00:00,HNW
630,Deborah Young,1949-05-21 00:00:00,Female,USA,Chicago,1M-5M,2018-04-14 00:00:00,HNW
631,Ronald Nelson,1968-10-27 00:00:00,Female,UK,Edinburgh,1M-5M,2020-11-23 00:00:00,Mass Affluent
632,Matthew Edwards,1969-07-04 00:00:00,Female,USA,San Francisco,5M+,2018-08-18 00:00:00,HNW
633,Sandra Phillips,1971-09-10 00:00:00,Male,UK,Edinburgh,<500K,2019-01-29 00:00:00,Mass Affluent
634,Matthew Collins,1984-01-08 00:00:00,Female,Canada,Calgary,500K-1M,2018-03-29 00:00:00,Mass Affluent
635,Emily Young,1971-10-07 00:00:00,Male,UK,London,<500K,2020-10-20 00:00:00,UHNW
636,Sophia Brown,1977-12-26 00:00:00,Male,Germany,Cologne,<500K,2017-05-18 00:00:00,HNW
637,Carol Nelson,1989-10-15 00:00:00,Female,USA,Chicago,1M-5M,2020-03-06 00:00:00,Mass Affluent
638,Melissa Miller,1996-12-06 00:00:00,Male,Canada,Ottawa,500K-1M,2016-06-11 00:00:00,HNW
639,Mia Harris,1967-12-29 00:00:00,Female,Germany,Cologne,500K-1M,2015-03-23 00:00:00,Mass Affluent
640,Michelle Rodriguez,1995-05-09 00:00:00,Female,USA,New York,1M-5M,2016-07-29 00:00:00,Mass Affluent
641,Andrew Jackson,1983-11-07 00:00:00,Male,USA,Seattle,<500K,2017-06-12 00:00:00,HNW
642,Ethan Young,1985-10-16 00:00:00,Female,Canada,Ottawa,500K-1M,2020-05-22 00:00:00,Mass Affluent
643,Robert Moore,1984-09-24 00:00:00,Male,Canada,Toronto,1M-5M,2017-07-31 00:00:00,UHNW
644,Charles Davis,1981-09-12 00:00:00,Male,Germany,Frankfurt,<500K,2021-01-29 00:00:00,HNW
645,Linda Lopez,1989-07-08 00:00:00,Male,USA,Chicago,500K-1M,2022-07-25 00:00:00,HNW
646,Emily Thompson,1988-06-01 00:00:00,Female,USA,Seattle,1M-5M,2019-02-28 00:00:00,Mass Affluent
647,Elizabeth Carter,1948-09-10 00:00:00,Female,France,Bordeaux,1M-5M,2022-02-27 00:00:00,HNW
648,Christopher White,1962-03-17 00:00:00,Male,Canada,Montreal,5M+,2017-11-07 00:00:00,Mass Affluent
649,Stephanie Jones,1982-11-07 00:00:00,Male,UK,Birmingham,<500K,2016-06-13 00:00:00,HNW
650,Christopher Turner,1963-07-07 00:00:00,Male,UK,Manchester,1M-5M,2024-07-30 00:00:00,Mass Affluent
651,Sophia Wilson,1950-02-13 00:00:00,Male,USA,New York,<500K,2025-02-09 00:00:00,HNW
652,Matthew Jones,1972-01-05 00:00:00,Male,USA,New York,500K-1M,2019-10-14 00:00:00,HNW
653,Sandra Davis,1988-09-25 00:00:00,Female,USA,New York,1M-5M,2024-12-31 00:00:00,Mass Affluent
654,Charlotte Turner,1957-01-27 00:00:00,Female,Canada,Ottawa,500K-1M,2022-06-26 00:00:00,Mass Affluent
655,Melissa Ramirez,1971-01-09 00:00:00,Male,France,Paris,1M-5M,2016-02-08 00:00:00,Mass Affluent
656,Patricia Parker,1972-02-10 00:00:00,Female,USA,Boston,1M-5M,2018-08-18 00:00:00,Mass Affluent
657,Donald Phillips,1950-06-10 00:00:00,Female,USA,Boston,5M+,2016-01-25 00:00:00,HNW
658,Barbara Allen,1952-01-13 00:00:00,Female,Germany,Frankfurt,500K-1M,2019-12-01 00:00:00,Mass Affluent
659,Ethan Thomas,1966-04-22 00:00:00,Male,France,Bordeaux,500K-1M,2022-07-29 00:00:00,HNW
660,Patricia Wilson,1958-07-11 00:00:00,Male,France,Lyon,500K-1M,2022-11-20 00:00:00,UHNW
661,Donna Hernandez,1967-12-09 00:00:00,Male,USA,San Francisco,1M-5M,2021-04-16 00:00:00,Mass Affluent
662,Barbara Williams,1957-03-16 00:00:00,Female,Canada,Calgary,<500K,2018-03-09 00:00:00,Mass Affluent
663,Melissa Phillips,1976-12-28 00:00:00,Female,USA,New York,5M+,2019-05-09 00:00:00,HNW
664,James Scott,1979-04-13 00:00:00,Male,Germany,Hamburg,<500K,2018-06-16 00:00:00,HNW
665,David Stewart,1965-01-21 00:00:00,Female,Germany,Munich,5M+,2023-06-09 00:00:00,Mass Affluent
666,Linda Thomas,1970-03-25 00:00:00,Female,Canada,Vancouver,<500K,2019-11-14 00:00:00,Mass Affluent
667,Nancy Williams,1991-08-04 00:00:00,Female,Germany,Berlin,5M+,2015-05-26 00:00:00,HNW
668,Andrew Evans,1971-05-17 00:00:00,Female,Germany,Hamburg,500K-1M,2023-09-23 00:00:00,HNW
669,Liam Thomas,1956-05-28 00:00:00,Male,UK,Manchester,500K-1M,2018-04-01 00:00:00,Mass Affluent
670,Paul Harris,1992-05-06 00:00:00,Male,France,Paris,5M+,2021-10-10 00:00:00,UHNW
671,Matthew Lopez,1969-10-31 00:00:00,Male,USA,San Francisco,5M+,2020-07-17 00:00:00,UHNW
672,Daniel Brown,1985-03-18 00:00:00,Male,USA,Miami,1M-5M,2017-04-30 00:00:00,HNW
673,William Ramirez,1957-09-01 00:00:00,Male,Canada,Montreal,1M-5M,2016-06-26 00:00:00,UHNW
674,Charlotte Thomas,1991-11-20 00:00:00,Male,UK,Birmingham,1M-5M,2017-12-11 00:00:00,UHNW
675,Sophia King,1963-03-19 00:00:00,Male,USA,San Francisco,<500K,2023-08-10 00:00:00,Mass Affluent
676,Linda Moore,1970-05-06 00:00:00,Female,UK,Birmingham,500K-1M,2022-10-16 00:00:00,Mass Affluent
677,Amanda Jones,1963-12-11 00:00:00,Female,France,Marseille,500K-1M,2023-04-25 00:00:00,HNW
678,Laura Hall,1951-05-25 00:00:00,Female,UK,London,<500K,2017-03-09 00:00:00,HNW
679,Andrew Jones,1970-02-16 00:00:00,Female,France,Paris,<500K,2022-06-14 00:00:00,HNW
680,Mary Scott,1964-12-31 00:00:00,Male,UK,London,<500K,2021-07-21 00:00:00,HNW
681,Brian Nelson,1984-07-26 00:00:00,Female,France,Toulouse,1M-5M,2018-10-21 00:00:00,Mass Affluent
682,Jennifer Thompson,1984-12-16 00:00:00,Male,USA,Boston,500K-1M,2018-07-09 00:00:00,Mass Affluent
683,Elizabeth Carter,1989-10-04 00:00:00,Male,UK,Edinburgh,500K-1M,2020-04-18 00:00:00,Mass Affluent
684,Lucas Collins,1956-01-21 00:00:00,Male,UK,Bristol,<500K,2023-10-23 00:00:00,HNW
685,Stephanie Lewis,1965-03-16 00:00:00,Male,USA,New York,500K-1M,2018-11-17 00:00:00,Mass Affluent
686,Liam King,1982-04-18 00:00:00,Female,Canada,Edmonton,<500K,2018-10-14 00:00:00,Mass Affluent
687,Mark Robinson,1997-05-29 00:00:00,Male,Canada,Edmonton,<500K,2024-07-04 00:00:00,Mass Affluent
688,Patricia Brown,1972-01-06 00:00:00,Male,UK,Bristol,1M-5M,2016-06-13 00:00:00,HNW
689,Joseph Jones,1992-03-25 00:00:00,Male,USA,Seattle,<500K,2021-06-13 00:00:00,HNW
690,Christopher Hernandez,1953-05-31 00:00:00,Male,USA,San Francisco,5M+,2024-12-22 00:00:00,HNW
691,Mary Harris,1980-12-08 00:00:00,Female,USA,Chicago,500K-1M,2016-05-15 00:00:00,HNW
692,Laura Gonzalez,1995-09-04 00:00:00,Male,UK,Edinburgh,5M+,2015-11-24 00:00:00,HNW
693,Susan King,1992-10-13 00:00:00,Male,USA,Miami,<500K,2023-02-26 00:00:00,UHNW
694,Ronald Garcia,1963-05-01 00:00:00,Female,France,Toulouse,500K-1M,2017-05-21 00:00:00,UHNW
695,Lucas Jackson,1973-11-10 00:00:00,Male,UK,Leeds,500K-1M,2025-01-02 00:00:00,Mass Affluent
696,Kenneth Brown,1989-09-23 00:00:00,Male,Canada,Montreal,5M+,2015-06-07 00:00:00,Mass Affluent
697,Betty Robinson,1976-08-02 00:00:00,Female,Canada,Toronto,<500K,2023-06-14 00:00:00,UHNW
698,Laura Wright,1961-05-25 00:00:00,Female,USA,Seattle,1M-5M,2022-11-29 00:00:00,HNW
699,Mia Robinson,1959-04-30 00:00:00,Female,Germany,Munich,1M-5M,2021-05-29 00:00:00,Mass Affluent
700,Paul Martin,1949-04-25 00:00:00,Male,France,Marseille,1M-5M,2016-02-27 00:00:00,Mass Affluent
701,Jennifer Rodriguez,1991-02-13 00:00:00,Male,Canada,Montreal,5M+,2017-02-19 00:00:00,Mass Affluent
702,Mark Young,1974-05-19 00:00:00,Female,USA,San Francisco,500K-1M,2015-07-14 00:00:00,HNW
703,Rebecca Thomas,1990-01-13 00:00:00,Female,France,Nice,500K-1M,2022-05-18 00:00:00,Mass Affluent
704,Linda Adams,1972-01-18 00:00:00,Female,USA,San Francisco,500K-1M,2016-03-05 00:00:00,Mass Affluent
705,Ethan Ramirez,1973-07-30 00:00:00,Female,Canada,Calgary,1M-5M,2018-04-08 00:00:00,Mass Affluent
706,Matthew Allen,1989-03-26 00:00:00,Female,USA,New York,500K-1M,2020-04-16 00:00:00,HNW
707,Richard Harris,1989-05-07 00:00:00,Female,France,Nice,1M-5M,2015-09-03 00:00:00,HNW
708,Daniel Thompson,1951-07-14 00:00:00,Male,Canada,Toronto,<500K,2015-11-16 00:00:00,Mass Affluent
709,William Thompson,1951-04-05 00:00:00,Male,UK,Manchester,<500K,2022-11-12 00:00:00,HNW
710,Michael Hall,1968-11-14 00:00:00,Female,USA,San Francisco,<500K,2023-12-05 00:00:00,HNW
711,Patricia Collins,1996-10-08 00:00:00,Male,Germany,Stuttgart,1M-5M,2015-03-01 00:00:00,UHNW
712,Laura Harris,1954-01-10 00:00:00,Female,Germany,Berlin,5M+,2017-09-14 00:00:00,Mass Affluent
713,Rebecca Garcia,1965-09-21 00:00:00,Male,Germany,Cologne,1M-5M,2023-03-18 00:00:00,Mass Affluent
714,Ashley King,1972-01-06 00:00:00,Female,USA,San Francisco,<500K,2019-02-21 00:00:00,Mass Affluent
715,Sarah Wright,1963-08-07 00:00:00,Female,Canada,Toronto,<500K,2016-07-13 00:00:00,HNW
716,Lisa Lee,1980-04-04 00:00:00,Male,Germany,Hamburg,1M-5M,2019-11-30 00:00:00,UHNW
717,Brian Young,1984-09-24 00:00:00,Male,USA,Miami,500K-1M,2022-03-04 00:00:00,HNW
718,Liam Green,1974-07-12 00:00:00,Female,Germany,Munich,500K-1M,2023-11-26 00:00:00,HNW
719,Charlotte Jones,1961-06-30 00:00:00,Male,USA,Boston,<500K,2016-05-27 00:00:00,HNW
720,Michelle Perez,1996-10-25 00:00:00,Female,USA,Miami,500K-1M,2019-06-15 00:00:00,Mass Affluent
721,Mia Johnson,1948-02-08 00:00:00,Female,Germany,Stuttgart,1M-5M,2022-11-09 00:00:00,Mass Affluent
722,Barbara Clark,1976-12-14 00:00:00,Female,France,Nice,<500K,2023-12-06 00:00:00,Mass Affluent
723,Mark Edwards,1975-08-01 00:00:00,Female,Canada,Edmonton,500K-1M,2015-09-19 00:00:00,HNW
724,Brian Harris,1995-02-21 00:00:00,Female,USA,Miami,1M-5M,2024-11-30 00:00:00,HNW
725,Brian Lewis,1980-04-10 00:00:00,Female,Germany,Frankfurt,<500K,2015-07-08 00:00:00,Mass Affluent
726,Donna Jackson,1960-09-09 00:00:00,Male,France,Paris,<500K,2023-05-11 00:00:00,Mass Affluent
727,Karen Collins,1952-09-17 00:00:00,Male,USA,San Francisco,500K-1M,2015-10-25 00:00:00,UHNW
728,Laura White,1978-02-06 00:00:00,Female,Canada,Toronto,1M-5M,2015-01-04 00:00:00,Mass Affluent
729,Ethan Allen,1985-02-10 00:00:00,Female,USA,Boston,<500K,2021-02-26 00:00:00,HNW
730,Paul Anderson,1974-12-31 00:00:00,Female,USA,New York,5M+,2019-12-31 00:00:00,HNW
731,Joshua Walker,1989-09-23 00:00:00,Female,UK,Bristol,1M-5M,2018-10-08 00:00:00,Mass Affluent
732,Nancy Turner,1973-01-16 00:00:00,Female,Germany,Frankfurt,500K-1M,2023-09-24 00:00:00,Mass Affluent
733,Anthony Garcia,1992-08-27 00:00:00,Male,USA,Seattle,1M-5M,2018-03-09 00:00:00,Mass Affluent
734,Sarah Lee,1956-11-03 00:00:00,Female,USA,New York,1M-5M,2025-01-23 00:00:00,Mass Affluent
735,Jessica Gonzalez,1963-12-27 00:00:00,Female,Germany,Munich,<500K,2021-05-24 00:00:00,Mass Affluent
736,Laura Jones,1973-03-24 00:00:00,Female,Canada,Edmonton,<500K,2016-02-19 00:00:00,HNW
737,Charlotte Wilson,1959-04-29 00:00:00,Female,France,Paris,<500K,2018-08-28 00:00:00,UHNW
738,Stephanie Scott,1960-05-22 00:00:00,Female,USA,San Francisco,5M+,2018-06-17 00:00:00,Mass Affluent
739,Nancy Green,1953-09-28 00:00:00,Female,USA,Seattle,500K-1M,2023-02-14 00:00:00,Mass Affluent
740,Charlotte Phillips,1980-04-02 00:00:00,Female,UK,Bristol,1M-5M,2018-09-21 00:00:00,Mass Affluent
741,Charlotte Ramirez,1972-03-20 00:00:00,Male,France,Paris,500K-1M,2018-09-20 00:00:00,UHNW
742,Brian Williams,1978-09-26 00:00:00,Male,Germany,Stuttgart,1M-5M,2024-09-30 00:00:00,Mass Affluent
743,Paul Collins,1963-12-23 00:00:00,Female,UK,London,1M-5M,2021-03-18 00:00:00,HNW
744,Barbara Lewis,1964-08-06 00:00:00,Male,Germany,Hamburg,5M+,2024-08-31 00:00:00,HNW
745,Charlotte Perez,1951-11-03 00:00:00,Male,France,Bordeaux,1M-5M,2022-06-30 00:00:00,HNW
746,Patricia Smith,1982-12-08 00:00:00,Male,UK,Birmingham,5M+,2020-08-03 00:00:00,UHNW
747,Donald Williams,1984-08-24 00:00:00,Male,Canada,Ottawa,1M-5M,2022-12-18 00:00:00,HNW
748,Karen Garcia,1976-05-18 00:00:00,Female,Canada,Calgary,<500K,2022-06-21 00:00:00,UHNW
749,Betty King,1955-12-12 00:00:00,Male,Canada,Montreal,500K-1M,2016-11-26 00:00:00,HNW
750,William Lee,1967-01-21 00:00:00,Male,France,Bordeaux,<500K,2023-12-13 00:00:00,HNW
751,Barbara Moore,1966-02-07 00:00:00,Male,USA,San Francisco,1M-5M,2018-03-27 00:00:00,UHNW
752,Christopher Rodriguez,1965-12-26 00:00:00,Female,UK,Leeds,5M+,2022-07-15 00:00:00,HNW
753,George Miller,1981-03-02 00:00:00,Male,USA,Seattle,500K-1M,2020-05-14 00:00:00,Mass Affluent
754,Rebecca Martinez,1974-03-15 00:00:00,Female,Germany,Hamburg,1M-5M,2023-03-14 00:00:00,Mass Affluent
755,Ethan Green,1961-01-20 00:00:00,Male,USA,Boston,<500K,2023-02-22 00:00:00,HNW
756,Robert White,1966-08-28 00:00:00,Male,France,Bordeaux,1M-5M,2022-01-10 00:00:00,HNW
757,Lucas Perez,1955-04-07 00:00:00,Female,USA,Seattle,5M+,2025-03-23 00:00:00,Mass Affluent
758,Donna Gonzalez,1993-02-24 00:00:00,Male,France,Paris,500K-1M,2022-07-21 00:00:00,UHNW
759,Amanda Nelson,1957-06-11 00:00:00,Male,Germany,Berlin,1M-5M,2022-07-01 00:00:00,UHNW
760,Anthony Young,1960-03-16 00:00:00,Male,France,Paris,1M-5M,2016-01-06 00:00:00,Mass Affluent
761,Karen Wilson,1963-10-24 00:00:00,Male,UK,Manchester,<500K,2024-03-11 00:00:00,UHNW
762,Andrew Garcia,1982-05-06 00:00:00,Female,Germany,Munich,500K-1M,2023-04-27 00:00:00,Mass Affluent
763,Charles Taylor,1956-01-01 00:00:00,Male,Germany,Stuttgart,<500K,2015-04-21 00:00:00,Mass Affluent
764,William Collins,1991-06-22 00:00:00,Male,Canada,Edmonton,1M-5M,2022-08-30 00:00:00,HNW
765,Laura Harris,1962-12-13 00:00:00,Male,France,Lyon,500K-1M,2021-01-18 00:00:00,Mass Affluent
766,Sarah Baker,1988-03-21 00:00:00,Male,UK,Leeds,<500K,2023-06-09 00:00:00,Mass Affluent
767,Liam Carter,1955-11-11 00:00:00,Male,USA,Seattle,<500K,2017-11-01 00:00:00,HNW
768,Patricia Miller,1986-01-22 00:00:00,Male,Canada,Ottawa,<500K,2021-04-10 00:00:00,HNW
769,Linda Anderson,1973-10-25 00:00:00,Male,USA,Chicago,<500K,2024-12-14 00:00:00,Mass Affluent
770,Amanda Robinson,1953-04-07 00:00:00,Female,Germany,Frankfurt,500K-1M,2018-06-25 00:00:00,HNW
771,Olivia Brown,1987-12-31 00:00:00,Female,Canada,Ottawa,500K-1M,2020-05-05 00:00:00,UHNW
772,Liam Stewart,1952-01-12 00:00:00,Male,USA,Boston,<500K,2015-08-13 00:00:00,UHNW
773,Joseph Rodriguez,1997-11-19 00:00:00,Female,USA,Seattle,5M+,2016-12-17 00:00:00,Mass Affluent
774,Anthony Campbell,1992-11-03 00:00:00,Male,Canada,Montreal,500K-1M,2023-02-14 00:00:00,UHNW
775,Charlotte Campbell,1965-05-30 00:00:00,Male,France,Marseille,<500K,2022-08-10 00:00:00,HNW
776,Amanda Jones,1974-07-07 00:00:00,Female,UK,Birmingham,500K-1M,2024-01-07 00:00:00,HNW
777,Ethan Lee,1971-02-04 00:00:00,Female,USA,San Francisco,5M+,2015-01-23 00:00:00,Mass Affluent
778,Sandra Davis,1971-01-13 00:00:00,Male,USA,Miami,1M-5M,2017-10-26 00:00:00,Mass Affluent
779,Charles Brown,1965-12-20 00:00:00,Female,Canada,Ottawa,<500K,2016-02-10 00:00:00,Mass Affluent
780,James Carter,1990-05-29 00:00:00,Male,France,Bordeaux,<500K,2021-03-19 00:00:00,HNW
781,Michelle Gonzalez,1975-10-28 00:00:00,Male,Canada,Ottawa,<500K,2019-04-10 00:00:00,HNW
782,Barbara Perez,1954-07-01 00:00:00,Female,UK,London,5M+,2016-05-02 00:00:00,HNW
783,George Scott,1962-05-27 00:00:00,Male,USA,New York,<500K,2021-03-06 00:00:00,HNW
784,Sarah Evans,1989-06-10 00:00:00,Female,USA,Miami,<500K,2022-11-29 00:00:00,Mass Affluent
785,Lisa Thompson,1966-05-25 00:00:00,Female,USA,Miami,500K-1M,2024-05-10 00:00:00,UHNW
786,Carol Perez,1988-03-28 00:00:00,Male,Canada,Edmonton,1M-5M,2019-05-08 00:00:00,HNW
787,Mark Nelson,1979-09-26 00:00:00,Female,Canada,Vancouver,<500K,2017-06-08 00:00:00,Mass Affluent
788,Ashley Moore,1961-12-19 00:00:00,Female,France,Toulouse,<500K,2021-02-14 00:00:00,HNW
789,Donna Jones,1976-11-24 00:00:00,Female,USA,Miami,<500K,2017-06-26 00:00:00,Mass Affluent
790,Mary Ramirez,1982-03-26 00:00:00,Female,UK,Leeds,1M-5M,2025-03-25 00:00:00,HNW
791,Charles Brown,1972-09-21 00:00:00,Female,USA,Miami,<500K,2024-01-10 00:00:00,Mass Affluent
792,Richard Turner,1981-02-09 00:00:00,Female,USA,New York,<500K,2016-06-02 00:00:00,Mass Affluent
793,Olivia Taylor,1963-06-13 00:00:00,Male,Germany,Hamburg,1M-5M,2021-09-20 00:00:00,HNW
794,Mark Hernandez,1996-06-22 00:00:00,Male,UK,Leeds,1M-5M,2020-11-22 00:00:00,Mass Affluent
795,Nancy Perez,1975-05-10 00:00:00,Female,USA,San Francisco,5M+,2023-01-01 00:00:00,HNW
796,Anthony Rodriguez,1985-08-07 00:00:00,Female,USA,Seattle,500K-1M,2018-04-02 00:00:00,Mass Affluent
797,Laura Rodriguez,1954-06-17 00:00:00,Female,UK,Bristol,<500K,2020-04-03 00:00:00,HNW
798,David Nelson,1989-09-16 00:00:00,Male,USA,Boston,1M-5M,2016-02-23 00:00:00,Mass Affluent
799,Nancy Martin,1974-04-05 00:00:00,Female,UK,London,1M-5M,2017-01-01 00:00:00,HNW
800,Richard Clark,1957-04-06 00:00:00,Male,USA,Chicago,5M+,2021-05-01 00:00:00,Mass Affluent
801,Donald King,1973-04-26 00:00:00,Female,UK,Edinburgh,<500K,2021-11-01 00:00:00,HNW
802,Thomas Scott,1977-12-20 00:00:00,Male,Germany,Hamburg,1M-5M,2019-11-15 00:00:00,UHNW
803,Andrew Hall,1954-08-26 00:00:00,Male,USA,Chicago,<500K,2015-05-18 00:00:00,Mass Affluent
804,Donna Thompson,1964-03-12 00:00:00,Male,France,Bordeaux,1M-5M,2024-08-17 00:00:00,HNW
805,Thomas White,1975-09-26 00:00:00,Female,Canada,Edmonton,5M+,2019-06-20 00:00:00,Mass Affluent
806,Ronald Evans,1951-12-02 00:00:00,Male,Germany,Frankfurt,<500K,2021-02-07 00:00:00,HNW
807,Donna Thomas,1973-06-14 00:00:00,Female,USA,Miami,1M-5M,2020-04-26 00:00:00,Mass Affluent
808,Patricia Edwards,1984-06-12 00:00:00,Male,Canada,Ottawa,1M-5M,2024-08-10 00:00:00,HNW
809,Laura White,1969-03-03 00:00:00,Male,UK,Bristol,<500K,2019-03-19 00:00:00,HNW
810,Deborah Johnson,1976-05-03 00:00:00,Female,Germany,Stuttgart,5M+,2023-03-05 00:00:00,Mass Affluent
811,Barbara Robinson,1994-08-08 00:00:00,Female,Germany,Frankfurt,<500K,2018-03-03 00:00:00,Mass Affluent
812,John Martinez,1958-01-06 00:00:00,Male,UK,Manchester,<500K,2021-07-11 00:00:00,Mass Affluent
813,Melissa Johnson,1961-11-08 00:00:00,Male,USA,San Francisco,<500K,2023-09-30 00:00:00,HNW
814,Robert Rodriguez,1994-12-27 00:00:00,Male,Canada,Toronto,<500K,2021-08-17 00:00:00,UHNW
815,Susan Anderson,1968-04-10 00:00:00,Male,USA,Chicago,<500K,2019-12-31 00:00:00,HNW
816,Stephanie Robinson,1964-08-01 00:00:00,Male,UK,London,1M-5M,2023-04-09 00:00:00,Mass Affluent
817,David Miller,1953-09-13 00:00:00,Male,USA,Miami,<500K,2024-09-06 00:00:00,Mass Affluent
818,Olivia Edwards,1958-08-11 00:00:00,Male,USA,New York,500K-1M,2020-01-08 00:00:00,Mass Affluent
819,Joseph Wright,1981-12-20 00:00:00,Male,France,Nice,<500K,2021-10-26 00:00:00,Mass Affluent
820,Lucas Allen,1966-10-04 00:00:00,Female,UK,Edinburgh,500K-1M,2015-03-05 00:00:00,Mass Affluent
821,John Smith,1984-08-26 00:00:00,Male,USA,Boston,1M-5M,2020-12-02 00:00:00,UHNW
822,Kenneth King,1963-01-09 00:00:00,Male,USA,Seattle,<500K,2024-05-28 00:00:00,Mass Affluent
823,Olivia Rodriguez,1958-05-19 00:00:00,Male,Canada,Vancouver,<500K,2021-06-22 00:00:00,UHNW
824,David Turner,1951-06-01 00:00:00,Female,Canada,Toronto,1M-5M,2018-03-17 00:00:00,Mass Affluent
825,Linda Sanchez,1986-04-07 00:00:00,Female,USA,Seattle,1M-5M,2016-07-07 00:00:00,HNW
826,Deborah Baker,1963-10-18 00:00:00,Male,Germany,Cologne,500K-1M,2015-04-07 00:00:00,HNW
827,Joseph Nelson,1963-06-11 00:00:00,Female,USA,New York,5M+,2023-01-04 00:00:00,HNW
828,Richard Young,1978-08-28 00:00:00,Male,France,Lyon,5M+,2023-09-28 00:00:00,HNW
829,Barbara Williams,1958-10-18 00:00:00,Female,UK,Bristol,1M-5M,2024-02-09 00:00:00,HNW
830,Mia Jones,1982-04-07 00:00:00,Female,Canada,Calgary,5M+,2022-08-31 00:00:00,Mass Affluent
831,Paul Hall,1989-05-26 00:00:00,Female,USA,San Francisco,<500K,2022-02-03 00:00:00,Mass Affluent
832,Lisa Thomas,1956-10-30 00:00:00,Female,Canada,Ottawa,<500K,2022-10-10 00:00:00,Mass Affluent
833,Stephanie Phillips,1983-08-05 00:00:00,Male,UK,Leeds,5M+,2015-10-04 00:00:00,HNW
834,Jennifer Turner,1953-09-23 00:00:00,Male,USA,Seattle,500K-1M,2022-12-15 00:00:00,Mass Affluent
835,Joshua Collins,1985-07-01 00:00:00,Female,Germany,Berlin,500K-1M,2022-11-20 00:00:00,HNW
836,Anthony Clark,1973-12-13 00:00:00,Female,USA,Boston,5M+,2017-06-21 00:00:00,Mass Affluent
837,Lisa Perez,1989-04-17 00:00:00,Male,USA,Miami,1M-5M,2020-09-14 00:00:00,UHNW
838,Amanda Williams,1973-12-13 00:00:00,Male,USA,San Francisco,1M-5M,2024-05-18 00:00:00,UHNW
839,Patricia Phillips,1970-12-04 00:00:00,Female,Canada,Edmonton,1M-5M,2019-10-13 00:00:00,HNW
840,Mary Hall,1991-08-03 00:00:00,Male,UK,Bristol,1M-5M,2017-10-08 00:00:00,UHNW
841,Lucas Allen,1965-06-24 00:00:00,Female,France,Nice,500K-1M,2024-06-30 00:00:00,Mass Affluent
842,Ethan Moore,1990-03-26 00:00:00,Female,UK,Edinburgh,5M+,2017-10-24 00:00:00,Mass Affluent
843,Joshua Wright,1979-09-20 00:00:00,Female,Germany,Frankfurt,<500K,2019-11-09 00:00:00,Mass Affluent
844,Ethan Turner,1948-03-31 00:00:00,Female,Germany,Cologne,1M-5M,2024-02-22 00:00:00,HNW
845,Paul Moore,1996-07-21 00:00:00,Male,Canada,Edmonton,<500K,2017-08-05 00:00:00,HNW
846,John Walker,1951-08-24 00:00:00,Female,Germany,Hamburg,1M-5M,2015-08-29 00:00:00,HNW
847,Edward Adams,1996-02-20 00:00:00,Male,USA,Seattle,1M-5M,2016-10-30 00:00:00,Mass Affluent
848,Emma Wright,1997-06-11 00:00:00,Male,USA,Chicago,1M-5M,2017-09-11 00:00:00,HNW
849,Daniel Carter,1958-07-05 00:00:00,Female,USA,Chicago,500K-1M,2020-03-28 00:00:00,HNW
850,Anthony Evans,1975-11-04 00:00:00,Female,UK,Leeds,5M+,2023-12-15 00:00:00,Mass Affluent
851,Mary Lee,1949-05-28 00:00:00,Male,UK,Birmingham,<500K,2021-08-17 00:00:00,Mass Affluent
852,Lisa Thomas,1949-06-13 00:00:00,Male,France,Lyon,1M-5M,2017-11-15 00:00:00,Mass Affluent
853,Donald Taylor,1995-09-06 00:00:00,Male,France,Lyon,<500K,2019-06-15 00:00:00,Mass Affluent
854,Michelle White,1963-06-09 00:00:00,Female,USA,New York,1M-5M,2020-03-29 00:00:00,Mass Affluent
855,Sophia Rodriguez,1968-05-24 00:00:00,Male,Canada,Edmonton,<500K,2018-02-25 00:00:00,HNW
856,Mary Clark,1974-03-28 00:00:00,Male,UK,Leeds,<500K,2023-11-06 00:00:00,HNW
857,Stephanie Johnson,1997-11-08 00:00:00,Female,Germany,Berlin,1M-5M,2020-03-13 00:00:00,Mass Affluent
858,Barbara Lewis,1979-04-25 00:00:00,Female,UK,Leeds,1M-5M,2019-05-10 00:00:00,Mass Affluent
859,James Walker,1988-10-12 00:00:00,Male,Germany,Cologne,<500K,2015-06-19 00:00:00,UHNW
860,Rebecca Campbell,1951-05-25 00:00:00,Female,Canada,Edmonton,1M-5M,2017-05-18 00:00:00,Mass Affluent
861,Ashley Hall,1972-03-07 00:00:00,Male,Germany,Munich,500K-1M,2020-10-27 00:00:00,UHNW
862,Steven Hernandez,1992-09-14 00:00:00,Female,Canada,Montreal,500K-1M,2018-11-25 00:00:00,Mass Affluent
863,Mark Hall,1986-01-20 00:00:00,Female,France,Paris,1M-5M,2024-07-04 00:00:00,Mass Affluent
864,Ronald Sanchez,1948-03-14 00:00:00,Female,France,Lyon,5M+,2017-12-29 00:00:00,Mass Affluent
865,Carol Turner,1993-05-21 00:00:00,Female,USA,San Francisco,500K-1M,2024-03-10 00:00:00,Mass Affluent
866,Lisa Parker,1988-04-11 00:00:00,Female,Germany,Stuttgart,1M-5M,2022-02-22 00:00:00,Mass Affluent
867,Amanda Walker,1973-06-17 00:00:00,Female,Germany,Munich,500K-1M,2021-05-28 00:00:00,UHNW
868,Andrew White,1966-10-11 00:00:00,Male,USA,Seattle,1M-5M,2021-07-02 00:00:00,Mass Affluent
869,Emma Perez,1987-11-07 00:00:00,Male,France,Bordeaux,<500K,2022-03-06 00:00:00,Mass Affluent
870,Lisa Parker,1954-08-29 00:00:00,Male,Germany,Hamburg,1M-5M,2021-12-10 00:00:00,HNW
871,Amanda Jackson,1949-01-21 00:00:00,Female,USA,Seattle,5M+,2019-07-14 00:00:00,Mass Affluent
872,Lucas King,1988-09-21 00:00:00,Male,Germany,Munich,500K-1M,2024-09-20 00:00:00,Mass Affluent
873,Mia Lee,1992-01-05 00:00:00,Female,UK,Bristol,1M-5M,2016-12-28 00:00:00,Mass Affluent
874,Andrew Lee,1977-09-02 00:00:00,Female,USA,San Francisco,500K-1M,2017-06-05 00:00:00,Mass Affluent
875,Donna Moore,1953-05-20 00:00:00,Male,USA,Miami,<500K,2023-01-21 00:00:00,HNW
876,Isabella Collins,1964-12-15 00:00:00,Female,UK,Leeds,5M+,2018-04-03 00:00:00,HNW
877,George Harris,1954-10-22 00:00:00,Female,Germany,Munich,1M-5M,2017-02-10 00:00:00,HNW
878,Ronald Gonzalez,1965-01-24 00:00:00,Male,USA,Boston,500K-1M,2015-10-12 00:00:00,Mass Affluent
879,Ronald Green,1992-01-30 00:00:00,Female,USA,Miami,<500K,2021-01-07 00:00:00,Mass Affluent
880,David Adams,1949-03-09 00:00:00,Male,France,Bordeaux,500K-1M,2021-09-10 00:00:00,Mass Affluent
881,Amanda Johnson,1951-02-24 00:00:00,Female,France,Paris,500K-1M,2015-04-06 00:00:00,UHNW
882,Rebecca Lopez,1978-05-06 00:00:00,Male,France,Nice,<500K,2019-11-29 00:00:00,Mass Affluent
883,Charlotte Carter,1976-04-07 00:00:00,Male,USA,San Francisco,1M-5M,2023-07-17 00:00:00,UHNW
884,Liam Lee,1981-05-28 00:00:00,Female,UK,Edinburgh,<500K,2018-09-06 00:00:00,HNW
885,Liam Miller,1989-04-02 00:00:00,Female,Germany,Frankfurt,<500K,2015-08-15 00:00:00,UHNW
886,Laura Nelson,1997-05-01 00:00:00,Male,France,Bordeaux,<500K,2016-12-22 00:00:00,HNW
887,Emma Walker,1972-12-10 00:00:00,Female,Canada,Ottawa,1M-5M,2024-12-30 00:00:00,Mass Affluent
888,Stephanie Moore,1967-09-29 00:00:00,Female,UK,Leeds,500K-1M,2024-06-16 00:00:00,Mass Affluent
889,Sophia Garcia,1970-08-18 00:00:00,Male,UK,Birmingham,1M-5M,2024-06-01 00:00:00,HNW
890,Karen Lee,1966-12-11 00:00:00,Female,France,Lyon,<500K,2021-10-03 00:00:00,HNW
891,Laura Green,1982-02-02 00:00:00,Female,Germany,Berlin,500K-1M,2024-06-12 00:00:00,HNW
892,Michael Taylor,1989-08-15 00:00:00,Female,Germany,Hamburg,5M+,2022-07-22 00:00:00,HNW
893,Amanda Hernandez,1956-02-26 00:00:00,Male,UK,Leeds,500K-1M,2015-07-29 00:00:00,Mass Affluent
894,Ronald Wright,1965-04-24 00:00:00,Female,USA,Boston,5M+,2015-02-22 00:00:00,HNW
895,Sarah Thompson,1961-02-03 00:00:00,Male,USA,Boston,5M+,2023-05-15 00:00:00,Mass Affluent
896,James Walker,1993-08-08 00:00:00,Female,USA,Chicago,<500K,2016-05-27 00:00:00,HNW
897,Thomas Jones,1978-06-17 00:00:00,Female,USA,New York,500K-1M,2023-10-28 00:00:00,HNW
898,Michelle Collins,1982-11-21 00:00:00,Female,France,Bordeaux,1M-5M,2017-09-13 00:00:00,HNW
899,Matthew Martinez,1954-05-14 00:00:00,Female,UK,Birmingham,<500K,2020-12-17 00:00:00,Mass Affluent
900,Isabella Clark,1982-07-23 00:00:00,Male,USA,Boston,500K-1M,2020-02-20 00:00:00,Mass Affluent
901,Rebecca Brown,1978-09-19 00:00:00,Female,Canada,Edmonton,<500K,2018-08-10 00:00:00,Mass Affluent
902,Isabella Williams,1971-12-22 00:00:00,Female,USA,New York,1M-5M,2018-01-12 00:00:00,Mass Affluent
903,Rebecca Nelson,1969-02-21 00:00:00,Male,USA,Chicago,500K-1M,2023-12-15 00:00:00,Mass Affluent
904,Mark Turner,1963-11-29 00:00:00,Female,USA,Boston,<500K,2017-12-27 00:00:00,Mass Affluent
905,Jennifer King,1975-07-17 00:00:00,Female,Canada,Calgary,1M-5M,2024-03-13 00:00:00,UHNW
906,Amanda Moore,1981-10-17 00:00:00,Male,USA,New York,500K-1M,2025-03-22 00:00:00,Mass Affluent
907,David Campbell,1995-01-24 00:00:00,Female,France,Paris,500K-1M,2019-06-08 00:00:00,HNW
908,William Green,1964-01-30 00:00:00,Male,Canada,Toronto,5M+,2023-01-17 00:00:00,HNW
909,Susan Taylor,1990-12-20 00:00:00,Male,Germany,Stuttgart,5M+,2016-12-25 00:00:00,HNW
910,Paul Garcia,1952-06-16 00:00:00,Female,Canada,Montreal,<500K,2022-12-11 00:00:00,Mass Affluent
911,Edward Thompson,1980-07-13 00:00:00,Male,USA,Chicago,5M+,2018-08-18 00:00:00,HNW
912,Laura Johnson,1995-05-07 00:00:00,Female,Germany,Frankfurt,500K-1M,2015-07-26 00:00:00,HNW
913,Isabella Smith,1990-08-08 00:00:00,Male,France,Lyon,1M-5M,2025-01-06 00:00:00,Mass Affluent
914,Paul Nelson,1989-03-07 00:00:00,Female,UK,Leeds,<500K,2016-12-11 00:00:00,Mass Affluent
915,Daniel Young,1949-02-25 00:00:00,Female,Canada,Ottawa,<500K,2024-08-23 00:00:00,Mass Affluent
916,Christopher Davis,1986-06-27 00:00:00,Female,Germany,Stuttgart,<500K,2016-02-13 00:00:00,UHNW
917,Carol Lewis,1952-07-04 00:00:00,Male,Canada,Edmonton,500K-1M,2016-09-30 00:00:00,HNW
918,Kenneth Wilson,1949-05-02 00:00:00,Male,France,Toulouse,<500K,2020-01-19 00:00:00,HNW
919,Melissa Lee,1992-06-29 00:00:00,Male,UK,Birmingham,500K-1M,2016-12-22 00:00:00,HNW
920,Charlotte Thomas,1986-06-18 00:00:00,Male,UK,Leeds,1M-5M,2020-11-24 00:00:00,HNW
921,Nancy Jones,1954-06-22 00:00:00,Female,UK,Bristol,1M-5M,2015-01-14 00:00:00,Mass Affluent
922,Christopher Jackson,1970-02-07 00:00:00,Female,USA,Seattle,1M-5M,2019-10-04 00:00:00,UHNW
923,Kenneth Edwards,1950-02-05 00:00:00,Female,UK,Edinburgh,500K-1M,2019-07-31 00:00:00,HNW
924,Sandra Clark,1973-07-18 00:00:00,Male,UK,Leeds,5M+,2023-08-12 00:00:00,HNW
925,Rebecca Anderson,1958-05-24 00:00:00,Female,USA,San Francisco,<500K,2018-10-23 00:00:00,HNW
926,Thomas Turner,1966-08-30 00:00:00,Female,USA,New York,5M+,2023-02-22 00:00:00,Mass Affluent
927,Barbara Miller,1985-01-04 00:00:00,Female,UK,Manchester,5M+,2024-02-29 00:00:00,Mass Affluent
928,Lisa Allen,1951-04-25 00:00:00,Male,USA,San Francisco,<500K,2018-04-08 00:00:00,Mass Affluent
929,Sarah Moore,1952-07-02 00:00:00,Female,Canada,Edmonton,500K-1M,2024-07-12 00:00:00,Mass Affluent
930,Kenneth Phillips,1955-09-07 00:00:00,Male,UK,Birmingham,1M-5M,2016-08-19 00:00:00,UHNW
931,Charles Anderson,1966-03-23 00:00:00,Male,UK,Manchester,1M-5M,2021-03-13 00:00:00,Mass Affluent
932,Daniel Garcia,1976-04-25 00:00:00,Male,USA,Seattle,5M+,2015-02-09 00:00:00,HNW
933,William Walker,1954-09-08 00:00:00,Male,UK,Birmingham,1M-5M,2015-02-10 00:00:00,UHNW
934,Edward Miller,1995-08-17 00:00:00,Male,USA,Boston,1M-5M,2015-08-24 00:00:00,Mass Affluent
935,Karen Martinez,1952-08-22 00:00:00,Male,USA,Seattle,5M+,2019-02-25 00:00:00,UHNW
936,Ethan Brown,1991-01-10 00:00:00,Female,USA,New York,5M+,2017-01-07 00:00:00,Mass Affluent
937,Carol Sanchez,1975-01-15 00:00:00,Female,France,Marseille,1M-5M,2018-09-22 00:00:00,Mass Affluent
938,Jennifer Young,1966-05-26 00:00:00,Male,UK,Leeds,500K-1M,2019-09-12 00:00:00,Mass Affluent
939,Michael Campbell,1978-03-31 00:00:00,Male,USA,San Francisco,1M-5M,2017-05-03 00:00:00,HNW
940,Brian Edwards,1988-10-10 00:00:00,Male,USA,Chicago,5M+,2020-09-04 00:00:00,HNW
941,Jessica Walker,1995-07-09 00:00:00,Female,France,Marseille,<500K,2020-02-22 00:00:00,HNW
942,Anthony Jones,1981-12-07 00:00:00,Male,France,Toulouse,500K-1M,2015-11-16 00:00:00,HNW
943,Robert Gonzalez,1958-03-09 00:00:00,Female,France,Marseille,1M-5M,2019-10-31 00:00:00,Mass Affluent
944,Sophia Green,1997-10-02 00:00:00,Male,UK,Leeds,500K-1M,2018-06-29 00:00:00,UHNW
945,Charles Thompson,1969-07-16 00:00:00,Female,UK,London,1M-5M,2015-11-15 00:00:00,Mass Affluent
946,Betty Jones,1981-02-06 00:00:00,Female,France,Marseille,<500K,2019-10-26 00:00:00,UHNW
947,Michelle Gonzalez,1993-06-04 00:00:00,Male,UK,Manchester,<500K,2022-10-26 00:00:00,UHNW
948,Anthony Collins,1948-04-15 00:00:00,Female,France,Paris,500K-1M,2016-10-26 00:00:00,HNW
949,Ashley Young,1949-06-17 00:00:00,Male,Germany,Berlin,1M-5M,2020-11-13 00:00:00,HNW
950,Lucas Baker,1964-03-30 00:00:00,Male,UK,Bristol,500K-1M,2019-01-16 00:00:00,Mass Affluent
951,Rebecca Edwards,1987-04-09 00:00:00,Male,USA,San Francisco,1M-5M,2024-09-01 00:00:00,HNW
952,Emily Anderson,1967-02-06 00:00:00,Female,USA,Miami,<500K,2024-09-20 00:00:00,HNW
953,Sandra Stewart,1964-05-08 00:00:00,Male,Canada,Toronto,500K-1M,2024-08-31 00:00:00,Mass Affluent
954,Laura Evans,1963-01-09 00:00:00,Male,UK,Bristol,<500K,2024-01-11 00:00:00,HNW
955,Lisa Ramirez,1954-08-20 00:00:00,Male,Canada,Calgary,1M-5M,2022-09-14 00:00:00,Mass Affluent
956,Paul Jones,1979-05-20 00:00:00,Female,UK,Bristol,500K-1M,2016-10-31 00:00:00,UHNW
957,Rebecca Sanchez,1948-05-24 00:00:00,Female,USA,Boston,1M-5M,2015-05-12 00:00:00,Mass Affluent
958,Paul Jackson,1971-12-03 00:00:00,Male,UK,Birmingham,500K-1M,2019-04-17 00:00:00,UHNW
959,Joseph Rodriguez,1966-01-16 00:00:00,Male,USA,Seattle,500K-1M,2020-09-04 00:00:00,Mass Affluent
960,Stephanie Lewis,1948-04-26 00:00:00,Male,Germany,Hamburg,<500K,2022-09-09 00:00:00,HNW
961,Melissa Allen,1961-06-20 00:00:00,Male,USA,New York,500K-1M,2019-05-25 00:00:00,Mass Affluent
962,Ashley King,1974-03-29 00:00:00,Female,France,Lyon,<500K,2023-07-05 00:00:00,UHNW
963,Emily Martin,1950-03-10 00:00:00,Male,UK,Manchester,500K-1M,2015-10-24 00:00:00,Mass Affluent
964,Mia Smith,1992-04-22 00:00:00,Female,UK,Edinburgh,<500K,2015-10-12 00:00:00,HNW
965,Ashley King,1971-02-07 00:00:00,Female,UK,Manchester,<500K,2017-07-11 00:00:00,Mass Affluent
966,Kenneth Allen,1953-07-01 00:00:00,Female,UK,Edinburgh,500K-1M,2020-01-09 00:00:00,HNW
967,Charles Young,1966-10-06 00:00:00,Male,UK,Leeds,<500K,2023-06-07 00:00:00,Mass Affluent
968,Olivia Green,1949-06-29 00:00:00,Male,USA,Boston,500K-1M,2020-01-14 00:00:00,UHNW
969,Linda Perez,1988-02-15 00:00:00,Male,UK,Leeds,1M-5M,2015-01-02 00:00:00,UHNW
970,Anthony Jones,1978-11-01 00:00:00,Female,UK,Birmingham,1M-5M,2018-06-15 00:00:00,Mass Affluent
971,Carol Taylor,1953-10-29 00:00:00,Male,UK,London,<500K,2022-12-24 00:00:00,Mass Affluent
972,John Brown,1957-02-26 00:00:00,Female,Germany,Hamburg,500K-1M,2017-04-25 00:00:00,UHNW
973,Mary Carter,1985-08-21 00:00:00,Male,USA,New York,1M-5M,2021-12-11 00:00:00,HNW
974,Edward Davis,1948-12-14 00:00:00,Female,UK,Edinburgh,<500K,2022-11-19 00:00:00,Mass Affluent
975,Karen Thomas,1992-02-28 00:00:00,Female,Germany,Cologne,5M+,2024-10-15 00:00:00,HNW
976,Richard Wright,1995-11-19 00:00:00,Male,USA,Boston,1M-5M,2018-07-26 00:00:00,Mass Affluent
977,Sophia Miller,1972-03-28 00:00:00,Male,UK,London,<500K,2019-01-24 00:00:00,Mass Affluent
978,Elizabeth Adams,1953-11-27 00:00:00,Female,USA,San Francisco,<500K,2018-10-09 00:00:00,HNW
979,Ethan Allen,1958-05-04 00:00:00,Female,UK,Edinburgh,<500K,2023-10-25 00:00:00,Mass Affluent
980,Patricia Parker,1965-08-08 00:00:00,Female,France,Paris,<500K,2021-03-02 00:00:00,HNW
981,Laura Collins,1957-05-11 00:00:00,Female,USA,Seattle,500K-1M,2019-12-14 00:00:00,UHNW
982,Susan Evans,1978-02-06 00:00:00,Female,UK,London,1M-5M,2024-07-11 00:00:00,HNW
983,Ashley Hall,1996-07-13 00:00:00,Female,USA,Chicago,<500K,2017-02-03 00:00:00,HNW
984,Jennifer Robinson,1974-03-07 00:00:00,Male,USA,San Francisco,<500K,2017-02-23 00:00:00,HNW
985,Daniel Davis,1965-03-30 00:00:00,Male,Germany,Munich,5M+,2019-05-15 00:00:00,HNW
986,Liam Davis,1997-06-26 00:00:00,Male,USA,New York,500K-1M,2017-12-09 00:00:00,HNW
987,Charlotte White,1968-11-06 00:00:00,Male,USA,New York,500K-1M,2024-04-20 00:00:00,Mass Affluent
988,Donald Lopez,1967-08-16 00:00:00,Male,USA,Boston,500K-1M,2017-08-23 00:00:00,Mass Affluent
989,Robert Jones,1966-09-11 00:00:00,Female,Canada,Edmonton,500K-1M,2020-02-08 00:00:00,Mass Affluent
990,Joseph Evans,1974-04-06 00:00:00,Female,USA,Seattle,<500K,2016-06-19 00:00:00,Mass Affluent
991,John Edwards,1957-06-12 00:00:00,Female,UK,Birmingham,1M-5M,2018-12-20 00:00:00,Mass Affluent
992,Nancy Edwards,1956-09-28 00:00:00,Male,USA,Seattle,1M-5M,2015-05-06 00:00:00,HNW
993,David Edwards,1968-08-27 00:00:00,Female,UK,Birmingham,1M-5M,2021-06-09 00:00:00,Mass Affluent
994,James Moore,1996-04-04 00:00:00,Male,USA,Boston,1M-5M,2024-09-12 00:00:00,HNW
995,Sophia Davis,1966-02-05 00:00:00,Female,Germany,Stuttgart,1M-5M,2018-05-21 00:00:00,Mass Affluent
996,Richard Lee,1996-05-22 00:00:00,Female,USA,New York,<500K,2017-03-05 00:00:00,HNW
997,Robert Jackson,1990-07-04 00:00:00,Female,Germany,Hamburg,1M-5M,2022-03-20 00:00:00,HNW
998,Emily Garcia,1986-10-25 00:00:00,Male,USA,New York,<500K,2021-09-13 00:00:00,Mass Affluent
999,Michael Wilson,1957-02-13 00:00:00,Male,USA,New York,1M-5M,2021-04-07 00:00:00,HNW
1000,George Adams,1951-08-05 00:00:00,Male,USA,Chicago,<500K,2016-12-24 00:00:00,Mass Affluent
