risk_profile_id,customer_id,risk_tolerance,investment_horizon_years,last_review_date
1,1,Moderate,12,2024-01-02 00:00:00
2,2,Moderate,9,2023-09-11 00:00:00
3,3,Moderate,22,2024-07-23 00:00:00
4,4,Moderate,7,2025-10-21 00:00:00
5,5,Conservative,8,2023-03-21 00:00:00
6,6,Aggressive,3,2023-11-21 00:00:00
7,7,Moderate,12,2024-07-31 00:00:00
8,8,Conservative,11,2023-08-28 00:00:00
9,9,Aggressive,18,2025-10-19 00:00:00
10,10,Conservative,16,2023-02-12 00:00:00
11,11,Moderate,22,2024-05-24 00:00:00
12,12,Conservative,10,2025-12-04 00:00:00
13,13,Aggressive,17,2023-11-14 00:00:00
14,14,Conservative,7,2023-03-16 00:00:00
15,15,Conservative,3,2023-05-24 00:00:00
16,16,Conservative,8,2023-05-15 00:00:00
17,17,Conservative,20,2025-03-21 00:00:00
18,18,Aggressive,10,2024-08-13 00:00:00
19,19,Aggressive,15,2024-08-01 00:00:00
20,20,Aggressive,22,2024-01-26 00:00:00
21,21,Aggressive,17,2025-07-31 00:00:00
22,22,Aggressive,8,2026-03-30 00:00:00
23,23,Moderate,8,2026-04-17 00:00:00
24,24,Aggressive,15,2024-12-02 00:00:00
25,25,Moderate,3,2023-10-25 00:00:00
26,26,Conservative,17,2023-10-23 00:00:00
27,27,Aggressive,14,2025-01-30 00:00:00
28,28,Moderate,16,2024-10-12 00:00:00
29,29,Moderate,25,2024-01-15 00:00:00
30,30,Moderate,20,2025-11-02 00:00:00
31,31,Moderate,10,2024-05-09 00:00:00
32,32,Moderate,19,2024-04-05 00:00:00
33,33,Moderate,9,2023-09-16 00:00:00
34,34,Moderate,1,2025-08-05 00:00:00
35,35,Conservative,15,2023-10-15 00:00:00
36,36,Aggressive,16,2025-01-01 00:00:00
37,37,Aggressive,24,2023-05-19 00:00:00
38,38,Moderate,12,2024-11-13 00:00:00
39,39,Moderate,8,2023-02-10 00:00:00
40,40,Aggressive,10,2024-06-17 00:00:00
41,41,Aggressive,6,2025-10-04 00:00:00
42,42,Moderate,25,2023-02-18 00:00:00
43,43,Conservative,9,2025-03-04 00:00:00
44,44,Moderate,5,2024-05-27 00:00:00
45,45,Conservative,19,2024-01-14 00:00:00
46,46,Conservative,16,2024-03-21 00:00:00
47,47,Conservative,9,2023-05-16 00:00:00
48,48,Aggressive,2,2025-03-27 00:00:00
49,49,Conservative,8,2024-12-28 00:00:00
50,50,Conservative,3,2024-03-06 00:00:00
51,51,Aggressive,13,2025-01-22 00:00:00
52,52,Moderate,21,2023-09-23 00:00:00
53,53,Conservative,19,2026-03-06 00:00:00
54,54,Conservative,24,2025-02-01 00:00:00
55,55,Conservative,10,2023-11-14 00:00:00
56,56,Conservative,16,2024-10-05 00:00:00
57,57,Moderate,8,2024-09-14 00:00:00
58,58,Aggressive,1,2023-12-21 00:00:00
59,59,Moderate,15,2026-02-14 00:00:00
60,60,Moderate,7,2024-05-13 00:00:00
61,61,Moderate,24,2024-09-06 00:00:00
62,62,Moderate,15,2025-03-29 00:00:00
63,63,Conservative,9,2025-01-14 00:00:00
64,64,Moderate,18,2025-09-18 00:00:00
65,65,Conservative,1,2024-08-05 00:00:00
66,66,Moderate,3,2023-10-22 00:00:00
67,67,Aggressive,18,2025-06-22 00:00:00
68,68,Moderate,8,2024-12-01 00:00:00
69,69,Conservative,15,2025-03-15 00:00:00
70,70,Moderate,25,2023-12-16 00:00:00
71,71,Moderate,17,2023-03-06 00:00:00
72,72,Moderate,15,2023-05-24 00:00:00
73,73,Moderate,4,2024-08-07 00:00:00
74,74,Moderate,25,2024-07-17 00:00:00
75,75,Conservative,3,2026-02-17 00:00:00
76,76,Moderate,9,2026-05-17 00:00:00
77,77,Conservative,13,2023-12-27 00:00:00
78,78,Moderate,1,2026-01-07 00:00:00
79,79,Conservative,22,2024-07-11 00:00:00
80,80,Aggressive,17,2026-01-10 00:00:00
81,81,Aggressive,20,2025-08-10 00:00:00
82,82,Moderate,15,2023-01-16 00:00:00
83,83,Conservative,3,2024-03-19 00:00:00
84,84,Aggressive,15,2025-08-24 00:00:00
85,85,Moderate,8,2023-10-14 00:00:00
86,86,Conservative,15,2023-04-29 00:00:00
87,87,Conservative,3,2025-06-28 00:00:00
88,88,Moderate,23,2024-10-03 00:00:00
89,89,Moderate,1,2024-10-06 00:00:00
90,90,Aggressive,1,2025-02-11 00:00:00
91,91,Aggressive,9,2023-08-29 00:00:00
92,92,Aggressive,6,2026-03-31 00:00:00
93,93,Moderate,9,2025-03-14 00:00:00
94,94,Aggressive,15,2024-01-20 00:00:00
95,95,Moderate,1,2025-04-30 00:00:00
96,96,Conservative,6,2023-07-12 00:00:00
97,97,Moderate,2,2025-01-05 00:00:00
98,98,Conservative,9,2023-05-28 00:00:00
99,99,Aggressive,13,2023-11-09 00:00:00
100,100,Moderate,20,2025-10-27 00:00:00
101,101,Conservative,9,2024-05-11 00:00:00
102,102,Conservative,16,2023-08-08 00:00:00
103,103,Conservative,10,2025-11-23 00:00:00
104,104,Conservative,6,2023-04-21 00:00:00
105,105,Moderate,6,2025-09-29 00:00:00
106,106,Moderate,6,2024-08-09 00:00:00
107,107,Moderate,17,2024-03-13 00:00:00
108,108,Moderate,9,2024-11-14 00:00:00
109,109,Moderate,7,2024-08-14 00:00:00
110,110,Moderate,14,2025-01-04 00:00:00
111,111,Aggressive,23,2024-10-24 00:00:00
112,112,Conservative,7,2024-11-27 00:00:00
113,113,Moderate,3,2024-12-09 00:00:00
114,114,Moderate,16,2025-07-28 00:00:00
115,115,Conservative,19,2023-10-28 00:00:00
116,116,Aggressive,21,2025-02-13 00:00:00
117,117,Aggressive,6,2025-08-17 00:00:00
118,118,Conservative,16,2024-06-02 00:00:00
119,119,Conservative,20,2025-06-26 00:00:00
120,120,Conservative,3,2025-10-02 00:00:00
121,121,Moderate,17,2024-04-19 00:00:00
122,122,Moderate,2,2025-09-27 00:00:00
123,123,Moderate,6,2025-09-14 00:00:00
124,124,Conservative,22,2026-04-08 00:00:00
125,125,Aggressive,8,2023-08-31 00:00:00
126,126,Moderate,20,2025-02-09 00:00:00
127,127,Moderate,4,2024-09-23 00:00:00
128,128,Aggressive,4,2023-08-30 00:00:00
129,129,Moderate,24,2026-04-27 00:00:00
130,130,Conservative,15,2023-04-02 00:00:00
131,131,Conservative,17,2023-03-15 00:00:00
132,132,Aggressive,24,2023-04-23 00:00:00
133,133,Moderate,7,2025-04-01 00:00:00
134,134,Conservative,12,2024-09-06 00:00:00
135,135,Moderate,19,2025-01-01 00:00:00
136,136,Moderate,15,2026-05-12 00:00:00
137,137,Moderate,21,2025-09-04 00:00:00
138,138,Conservative,6,2024-04-04 00:00:00
139,139,Moderate,10,2025-08-15 00:00:00
140,140,Moderate,19,2026-01-07 00:00:00
141,141,Moderate,19,2023-12-06 00:00:00
142,142,Moderate,3,2025-10-03 00:00:00
143,143,Conservative,7,2023-01-10 00:00:00
144,144,Conservative,14,2026-05-28 00:00:00
145,145,Moderate,21,2024-02-18 00:00:00
146,146,Conservative,2,2023-12-05 00:00:00
147,147,Conservative,20,2024-12-24 00:00:00
148,148,Aggressive,19,2026-01-27 00:00:00
149,149,Aggressive,22,2025-06-29 00:00:00
150,150,Conservative,4,2023-12-14 00:00:00
151,151,Conservative,6,2025-07-20 00:00:00
152,152,Moderate,2,2024-06-01 00:00:00
153,153,Conservative,15,2024-01-31 00:00:00
154,154,Moderate,1,2025-07-21 00:00:00
155,155,Moderate,25,2025-03-01 00:00:00
156,156,Aggressive,13,2025-06-22 00:00:00
157,157,Aggressive,3,2025-06-05 00:00:00
158,158,Conservative,1,2023-10-29 00:00:00
159,159,Aggressive,1,2024-03-17 00:00:00
160,160,Conservative,11,2024-08-06 00:00:00
161,161,Aggressive,16,2024-05-29 00:00:00
162,162,Moderate,17,2024-04-10 00:00:00
163,163,Moderate,16,2024-12-21 00:00:00
164,164,Conservative,21,2025-10-04 00:00:00
165,165,Conservative,12,2023-11-08 00:00:00
166,166,Conservative,1,2023-10-17 00:00:00
167,167,Moderate,20,2026-05-19 00:00:00
168,168,Conservative,20,2026-03-30 00:00:00
169,169,Aggressive,3,2024-11-22 00:00:00
170,170,Aggressive,18,2025-01-11 00:00:00
171,171,Moderate,9,2025-12-10 00:00:00
172,172,Aggressive,4,2025-07-13 00:00:00
173,173,Aggressive,13,2026-03-16 00:00:00
174,174,Moderate,24,2024-05-13 00:00:00
175,175,Aggressive,4,2025-03-03 00:00:00
176,176,Conservative,24,2024-09-27 00:00:00
177,177,Conservative,6,2026-02-17 00:00:00
178,178,Aggressive,14,2024-06-17 00:00:00
179,179,Moderate,22,2025-12-04 00:00:00
180,180,Moderate,11,2024-07-17 00:00:00
181,181,Moderate,9,2025-09-07 00:00:00
182,182,Aggressive,15,2024-02-24 00:00:00
183,183,Moderate,21,2026-03-09 00:00:00
184,184,Aggressive,4,2024-04-13 00:00:00
185,185,Conservative,15,2025-11-23 00:00:00
186,186,Aggressive,25,2023-01-07 00:00:00
187,187,Conservative,5,2024-09-19 00:00:00
188,188,Conservative,7,2026-01-04 00:00:00
189,189,Moderate,8,2023-03-08 00:00:00
190,190,Aggressive,3,2024-08-27 00:00:00
191,191,Moderate,15,2023-06-03 00:00:00
192,192,Conservative,17,2025-12-25 00:00:00
193,193,Moderate,11,2023-03-19 00:00:00
194,194,Moderate,22,2023-12-16 00:00:00
195,195,Conservative,17,2026-05-30 00:00:00
196,196,Moderate,24,2023-03-19 00:00:00
197,197,Aggressive,3,2024-02-17 00:00:00
198,198,Moderate,13,2023-06-29 00:00:00
199,199,Moderate,8,2023-12-25 00:00:00
200,200,Moderate,1,2026-04-20 00:00:00
201,201,Aggressive,18,2024-09-15 00:00:00
202,202,Aggressive,23,2025-02-16 00:00:00
203,203,Conservative,12,2023-03-11 00:00:00
204,204,Conservative,5,2025-03-02 00:00:00
205,205,Moderate,5,2026-03-06 00:00:00
206,206,Aggressive,25,2025-08-28 00:00:00
207,207,Conservative,10,2023-06-13 00:00:00
208,208,Aggressive,21,2026-01-04 00:00:00
209,209,Moderate,14,2026-03-26 00:00:00
210,210,Moderate,9,2025-06-06 00:00:00
211,211,Moderate,17,2024-01-30 00:00:00
212,212,Moderate,12,2024-01-03 00:00:00
213,213,Conservative,1,2025-06-18 00:00:00
214,214,Moderate,2,2025-07-20 00:00:00
215,215,Conservative,9,2025-05-24 00:00:00
216,216,Aggressive,6,2024-04-09 00:00:00
217,217,Moderate,23,2025-09-24 00:00:00
218,218,Conservative,1,2026-04-14 00:00:00
219,219,Conservative,24,2025-11-28 00:00:00
220,220,Conservative,3,2025-01-28 00:00:00
221,221,Aggressive,8,2025-04-26 00:00:00
222,222,Conservative,13,2024-06-23 00:00:00
223,223,Conservative,12,2024-06-18 00:00:00
224,224,Aggressive,4,2023-06-28 00:00:00
225,225,Conservative,6,2024-10-03 00:00:00
226,226,Moderate,18,2023-03-27 00:00:00
227,227,Conservative,7,2025-08-11 00:00:00
228,228,Moderate,20,2026-01-27 00:00:00
229,229,Moderate,22,2024-01-24 00:00:00
230,230,Aggressive,21,2023-03-06 00:00:00
231,231,Moderate,16,2024-11-05 00:00:00
232,232,Aggressive,22,2025-10-10 00:00:00
233,233,Conservative,10,2023-07-11 00:00:00
234,234,Moderate,24,2023-12-05 00:00:00
235,235,Conservative,24,2023-05-02 00:00:00
236,236,Moderate,17,2023-09-24 00:00:00
237,237,Conservative,11,2023-07-23 00:00:00
238,238,Aggressive,16,2026-03-02 00:00:00
239,239,Moderate,7,2024-10-04 00:00:00
240,240,Moderate,17,2023-04-03 00:00:00
241,241,Moderate,12,2023-06-11 00:00:00
242,242,Moderate,15,2023-01-23 00:00:00
243,243,Conservative,15,2025-06-21 00:00:00
244,244,Aggressive,20,2024-06-30 00:00:00
245,245,Conservative,16,2025-05-14 00:00:00
246,246,Moderate,10,2025-03-23 00:00:00
247,247,Conservative,23,2023-08-31 00:00:00
248,248,Moderate,1,2023-03-10 00:00:00
249,249,Conservative,16,2023-08-25 00:00:00
250,250,Aggressive,9,2024-11-20 00:00:00
251,251,Aggressive,1,2023-11-22 00:00:00
252,252,Moderate,12,2026-04-01 00:00:00
253,253,Moderate,2,2023-10-28 00:00:00
254,254,Aggressive,18,2023-05-16 00:00:00
255,255,Moderate,15,2024-09-20 00:00:00
256,256,Conservative,13,2024-01-23 00:00:00
257,257,Conservative,22,2026-01-12 00:00:00
258,258,Moderate,9,2024-07-12 00:00:00
259,259,Moderate,2,2025-07-24 00:00:00
260,260,Conservative,4,2025-09-20 00:00:00
261,261,Moderate,20,2025-01-27 00:00:00
262,262,Moderate,14,2023-11-16 00:00:00
263,263,Conservative,19,2023-07-19 00:00:00
264,264,Conservative,1,2025-02-22 00:00:00
265,265,Moderate,15,2025-01-21 00:00:00
266,266,Moderate,1,2025-02-26 00:00:00
267,267,Moderate,10,2025-07-15 00:00:00
268,268,Conservative,11,2023-08-13 00:00:00
269,269,Moderate,25,2023-11-10 00:00:00
270,270,Aggressive,18,2024-01-04 00:00:00
271,271,Aggressive,11,2023-08-26 00:00:00
272,272,Aggressive,18,2024-02-18 00:00:00
273,273,Moderate,10,2025-06-15 00:00:00
274,274,Moderate,8,2025-04-24 00:00:00
275,275,Aggressive,18,2024-05-28 00:00:00
276,276,Conservative,2,2023-03-22 00:00:00
277,277,Conservative,2,2024-09-11 00:00:00
278,278,Moderate,4,2025-02-16 00:00:00
279,279,Moderate,21,2025-12-30 00:00:00
280,280,Aggressive,4,2025-08-19 00:00:00
281,281,Conservative,15,2025-01-04 00:00:00
282,282,Aggressive,2,2024-07-28 00:00:00
283,283,Aggressive,14,2024-06-13 00:00:00
284,284,Conservative,21,2025-11-27 00:00:00
285,285,Moderate,16,2025-03-11 00:00:00
286,286,Moderate,21,2024-03-28 00:00:00
287,287,Conservative,7,2025-11-22 00:00:00
288,288,Conservative,4,2023-04-22 00:00:00
289,289,Conservative,6,2024-05-19 00:00:00
290,290,Aggressive,4,2024-02-22 00:00:00
291,291,Moderate,4,2023-12-17 00:00:00
292,292,Moderate,11,2025-08-03 00:00:00
293,293,Aggressive,14,2025-07-22 00:00:00
294,294,Aggressive,18,2024-03-06 00:00:00
295,295,Conservative,14,2026-04-15 00:00:00
296,296,Moderate,25,2024-07-10 00:00:00
297,297,Aggressive,14,2025-08-02 00:00:00
298,298,Aggressive,21,2024-08-13 00:00:00
299,299,Aggressive,2,2025-11-21 00:00:00
300,300,Moderate,20,2025-11-22 00:00:00
301,301,Moderate,11,2024-03-11 00:00:00
302,302,Moderate,13,2023-09-14 00:00:00
303,303,Moderate,19,2024-05-03 00:00:00
304,304,Moderate,4,2026-01-15 00:00:00
305,305,Moderate,2,2024-10-29 00:00:00
306,306,Moderate,15,2026-04-22 00:00:00
307,307,Moderate,7,2024-12-19 00:00:00
308,308,Moderate,19,2023-07-16 00:00:00
309,309,Conservative,3,2026-05-08 00:00:00
310,310,Moderate,11,2024-02-11 00:00:00
311,311,Moderate,25,2025-01-13 00:00:00
312,312,Aggressive,16,2023-02-28 00:00:00
313,313,Moderate,15,2026-01-10 00:00:00
314,314,Moderate,22,2023-01-03 00:00:00
315,315,Moderate,7,2024-07-11 00:00:00
316,316,Conservative,21,2026-05-01 00:00:00
317,317,Aggressive,9,2023-10-10 00:00:00
318,318,Conservative,23,2026-03-30 00:00:00
319,319,Aggressive,10,2025-11-14 00:00:00
320,320,Conservative,5,2023-02-02 00:00:00
321,321,Conservative,8,2023-09-26 00:00:00
322,322,Moderate,20,2023-03-18 00:00:00
323,323,Moderate,18,2023-04-07 00:00:00
324,324,Aggressive,7,2026-02-16 00:00:00
325,325,Aggressive,6,2023-08-09 00:00:00
326,326,Conservative,15,2025-08-23 00:00:00
327,327,Conservative,24,2025-08-10 00:00:00
328,328,Moderate,19,2025-04-13 00:00:00
329,329,Conservative,20,2024-11-05 00:00:00
330,330,Aggressive,15,2026-04-09 00:00:00
331,331,Aggressive,25,2026-05-16 00:00:00
332,332,Moderate,2,2025-09-25 00:00:00
333,333,Aggressive,16,2024-09-20 00:00:00
334,334,Moderate,18,2023-04-08 00:00:00
335,335,Conservative,6,2025-07-01 00:00:00
336,336,Moderate,2,2025-01-29 00:00:00
337,337,Moderate,9,2024-01-30 00:00:00
338,338,Conservative,13,2026-03-28 00:00:00
339,339,Moderate,6,2026-02-14 00:00:00
340,340,Conservative,10,2026-03-04 00:00:00
341,341,Conservative,6,2023-02-19 00:00:00
342,342,Moderate,5,2026-03-11 00:00:00
343,343,Moderate,16,2024-07-29 00:00:00
344,344,Conservative,4,2024-03-11 00:00:00
345,345,Moderate,17,2026-03-15 00:00:00
346,346,Moderate,9,2025-07-05 00:00:00
347,347,Moderate,19,2024-10-17 00:00:00
348,348,Moderate,13,2024-07-09 00:00:00
349,349,Moderate,5,2023-09-20 00:00:00
350,350,Conservative,17,2025-11-12 00:00:00
351,351,Aggressive,17,2023-08-15 00:00:00
352,352,Moderate,3,2024-01-11 00:00:00
353,353,Conservative,8,2025-01-13 00:00:00
354,354,Moderate,5,2026-01-14 00:00:00
355,355,Aggressive,20,2023-05-16 00:00:00
356,356,Moderate,1,2025-06-30 00:00:00
357,357,Moderate,16,2023-01-24 00:00:00
358,358,Moderate,8,2025-08-13 00:00:00
359,359,Moderate,2,2025-07-01 00:00:00
360,360,Aggressive,1,2023-01-16 00:00:00
361,361,Moderate,21,2023-12-14 00:00:00
362,362,Conservative,21,2025-04-03 00:00:00
363,363,Aggressive,24,2023-07-15 00:00:00
364,364,Aggressive,23,2025-01-31 00:00:00
365,365,Aggressive,21,2023-11-30 00:00:00
366,366,Moderate,9,2024-08-26 00:00:00
367,367,Moderate,14,2025-07-03 00:00:00
368,368,Conservative,15,2024-07-21 00:00:00
369,369,Moderate,13,2026-02-22 00:00:00
370,370,Aggressive,19,2023-08-30 00:00:00
371,371,Moderate,2,2024-12-04 00:00:00
372,372,Moderate,5,2025-03-10 00:00:00
373,373,Conservative,22,2023-02-18 00:00:00
374,374,Conservative,7,2025-04-12 00:00:00
375,375,Moderate,16,2025-08-31 00:00:00
376,376,Aggressive,19,2026-01-22 00:00:00
377,377,Conservative,7,2025-08-13 00:00:00
378,378,Moderate,19,2024-11-11 00:00:00
379,379,Conservative,14,2023-11-14 00:00:00
380,380,Conservative,21,2025-06-05 00:00:00
381,381,Moderate,13,2026-03-07 00:00:00
382,382,Moderate,13,2024-09-11 00:00:00
383,383,Aggressive,2,2023-06-15 00:00:00
384,384,Conservative,3,2025-08-13 00:00:00
385,385,Moderate,19,2024-03-19 00:00:00
386,386,Aggressive,22,2026-01-24 00:00:00
387,387,Moderate,24,2024-08-24 00:00:00
388,388,Moderate,14,2024-03-14 00:00:00
389,389,Conservative,20,2023-10-01 00:00:00
390,390,Conservative,23,2023-12-06 00:00:00
391,391,Moderate,10,2024-07-22 00:00:00
392,392,Conservative,23,2025-04-10 00:00:00
393,393,Aggressive,11,2023-01-06 00:00:00
394,394,Moderate,2,2025-11-07 00:00:00
395,395,Moderate,11,2025-05-20 00:00:00
396,396,Moderate,15,2024-11-12 00:00:00
397,397,Aggressive,5,2026-04-25 00:00:00
398,398,Moderate,20,2023-06-30 00:00:00
399,399,Moderate,19,2023-04-28 00:00:00
400,400,Conservative,10,2026-03-28 00:00:00
401,401,Moderate,11,2024-03-18 00:00:00
402,402,Moderate,6,2026-02-04 00:00:00
403,403,Aggressive,6,2024-12-02 00:00:00
404,404,Moderate,3,2024-05-15 00:00:00
405,405,Aggressive,1,2025-05-30 00:00:00
406,406,Moderate,16,2023-05-28 00:00:00
407,407,Moderate,1,2026-03-14 00:00:00
408,408,Conservative,12,2024-12-16 00:00:00
409,409,Aggressive,23,2023-12-01 00:00:00
410,410,Aggressive,8,2025-08-25 00:00:00
411,411,Aggressive,24,2025-03-28 00:00:00
412,412,Conservative,16,2025-02-10 00:00:00
413,413,Conservative,16,2024-01-25 00:00:00
414,414,Moderate,2,2025-01-31 00:00:00
415,415,Conservative,19,2025-10-15 00:00:00
416,416,Moderate,11,2024-08-01 00:00:00
417,417,Aggressive,14,2025-01-04 00:00:00
418,418,Moderate,6,2026-04-20 00:00:00
419,419,Aggressive,1,2025-09-04 00:00:00
420,420,Moderate,9,2023-10-16 00:00:00
421,421,Moderate,8,2023-09-11 00:00:00
422,422,Conservative,24,2023-11-12 00:00:00
423,423,Moderate,20,2023-07-07 00:00:00
424,424,Conservative,17,2023-07-19 00:00:00
425,425,Conservative,13,2023-09-23 00:00:00
426,426,Moderate,23,2024-04-27 00:00:00
427,427,Moderate,9,2023-02-18 00:00:00
428,428,Moderate,5,2026-05-31 00:00:00
429,429,Conservative,5,2025-02-13 00:00:00
430,430,Aggressive,16,2023-03-10 00:00:00
431,431,Aggressive,12,2024-09-03 00:00:00
432,432,Moderate,18,2024-04-20 00:00:00
433,433,Aggressive,23,2023-09-13 00:00:00
434,434,Aggressive,14,2025-12-08 00:00:00
435,435,Aggressive,20,2023-08-10 00:00:00
436,436,Moderate,25,2023-11-28 00:00:00
437,437,Moderate,5,2023-05-26 00:00:00
438,438,Moderate,5,2023-05-25 00:00:00
439,439,Conservative,16,2025-02-01 00:00:00
440,440,Conservative,20,2025-11-12 00:00:00
441,441,Moderate,2,2025-05-31 00:00:00
442,442,Moderate,13,2024-06-07 00:00:00
443,443,Moderate,22,2024-07-25 00:00:00
444,444,Moderate,20,2023-09-27 00:00:00
445,445,Moderate,3,2024-10-12 00:00:00
446,446,Moderate,5,2024-10-16 00:00:00
447,447,Moderate,4,2026-05-05 00:00:00
448,448,Conservative,2,2023-08-21 00:00:00
449,449,Moderate,20,2024-10-22 00:00:00
450,450,Moderate,10,2023-01-22 00:00:00
451,451,Moderate,1,2024-09-22 00:00:00
452,452,Moderate,12,2025-01-26 00:00:00
453,453,Conservative,3,2026-02-04 00:00:00
454,454,Moderate,15,2023-08-23 00:00:00
455,455,Conservative,10,2023-12-23 00:00:00
456,456,Moderate,24,2024-02-05 00:00:00
457,457,Conservative,15,2025-08-21 00:00:00
458,458,Conservative,15,2026-04-14 00:00:00
459,459,Moderate,1,2025-09-28 00:00:00
460,460,Moderate,14,2025-05-14 00:00:00
461,461,Moderate,2,2023-08-18 00:00:00
462,462,Aggressive,25,2023-10-23 00:00:00
463,463,Aggressive,14,2024-01-04 00:00:00
464,464,Moderate,21,2023-01-27 00:00:00
465,465,Moderate,25,2025-01-04 00:00:00
466,466,Moderate,22,2025-10-24 00:00:00
467,467,Moderate,11,2026-03-06 00:00:00
468,468,Moderate,5,2023-10-12 00:00:00
469,469,Conservative,19,2023-07-31 00:00:00
470,470,Aggressive,19,2025-11-28 00:00:00
471,471,Aggressive,7,2023-04-29 00:00:00
472,472,Moderate,12,2023-11-13 00:00:00
473,473,Conservative,22,2024-02-07 00:00:00
474,474,Moderate,20,2024-07-26 00:00:00
475,475,Aggressive,18,2023-06-19 00:00:00
476,476,Moderate,9,2025-09-10 00:00:00
477,477,Moderate,17,2024-03-30 00:00:00
478,478,Moderate,8,2025-10-16 00:00:00
479,479,Aggressive,23,2026-05-15 00:00:00
480,480,Moderate,18,2023-02-06 00:00:00
481,481,Aggressive,1,2025-12-23 00:00:00
482,482,Aggressive,13,2026-05-07 00:00:00
483,483,Moderate,13,2024-05-31 00:00:00
484,484,Conservative,7,2023-01-14 00:00:00
485,485,Moderate,3,2024-09-03 00:00:00
486,486,Conservative,19,2025-07-31 00:00:00
487,487,Moderate,18,2025-02-22 00:00:00
488,488,Aggressive,1,2023-07-29 00:00:00
489,489,Moderate,20,2023-12-30 00:00:00
490,490,Moderate,23,2025-01-02 00:00:00
491,491,Aggressive,4,2026-02-13 00:00:00
492,492,Aggressive,25,2025-09-06 00:00:00
493,493,Aggressive,8,2023-01-26 00:00:00
494,494,Aggressive,9,2023-04-27 00:00:00
495,495,Moderate,5,2024-02-19 00:00:00
496,496,Moderate,5,2024-04-05 00:00:00
497,497,Moderate,20,2025-05-14 00:00:00
498,498,Moderate,9,2023-11-29 00:00:00
499,499,Aggressive,20,2023-12-02 00:00:00
500,500,Conservative,18,2026-05-30 00:00:00
501,501,Moderate,8,2025-02-12 00:00:00
502,502,Moderate,12,2023-04-17 00:00:00
503,503,Conservative,7,2024-09-22 00:00:00
504,504,Aggressive,15,2025-09-27 00:00:00
505,505,Aggressive,12,2026-04-04 00:00:00
506,506,Moderate,2,2023-09-14 00:00:00
507,507,Conservative,12,2023-03-04 00:00:00
508,508,Aggressive,9,2023-04-24 00:00:00
509,509,Conservative,19,2024-07-14 00:00:00
510,510,Moderate,12,2026-05-08 00:00:00
511,511,Moderate,11,2023-03-07 00:00:00
512,512,Conservative,21,2025-09-18 00:00:00
513,513,Conservative,20,2026-01-04 00:00:00
514,514,Conservative,25,2024-08-29 00:00:00
515,515,Conservative,13,2025-09-07 00:00:00
516,516,Aggressive,21,2024-11-27 00:00:00
517,517,Aggressive,17,2024-10-30 00:00:00
518,518,Aggressive,20,2023-01-04 00:00:00
519,519,Conservative,21,2024-11-22 00:00:00
520,520,Moderate,18,2023-11-26 00:00:00
521,521,Conservative,8,2026-05-03 00:00:00
522,522,Moderate,1,2023-11-27 00:00:00
523,523,Moderate,4,2026-01-06 00:00:00
524,524,Moderate,4,2024-08-16 00:00:00
525,525,Conservative,22,2026-05-04 00:00:00
526,526,Conservative,24,2023-12-11 00:00:00
527,527,Moderate,23,2025-07-26 00:00:00
528,528,Moderate,10,2023-11-16 00:00:00
529,529,Conservative,8,2024-09-16 00:00:00
530,530,Moderate,10,2024-08-18 00:00:00
531,531,Aggressive,2,2023-05-18 00:00:00
532,532,Aggressive,13,2024-04-17 00:00:00
533,533,Moderate,23,2024-05-10 00:00:00
534,534,Moderate,19,2025-04-24 00:00:00
535,535,Moderate,12,2023-03-14 00:00:00
536,536,Conservative,19,2023-05-21 00:00:00
537,537,Conservative,24,2025-08-13 00:00:00
538,538,Aggressive,22,2024-09-02 00:00:00
539,539,Aggressive,23,2025-09-07 00:00:00
540,540,Moderate,1,2023-11-15 00:00:00
541,541,Moderate,6,2024-03-24 00:00:00
542,542,Moderate,11,2024-03-02 00:00:00
543,543,Aggressive,16,2024-10-28 00:00:00
544,544,Conservative,8,2026-02-23 00:00:00
545,545,Aggressive,19,2025-07-20 00:00:00
546,546,Aggressive,3,2026-04-16 00:00:00
547,547,Aggressive,8,2023-09-14 00:00:00
548,548,Conservative,25,2024-02-09 00:00:00
549,549,Conservative,24,2025-08-28 00:00:00
550,550,Moderate,6,2024-02-12 00:00:00
551,551,Conservative,12,2024-03-09 00:00:00
552,552,Moderate,16,2025-07-12 00:00:00
553,553,Moderate,25,2025-03-13 00:00:00
554,554,Moderate,21,2024-04-03 00:00:00
555,555,Conservative,16,2023-06-16 00:00:00
556,556,Conservative,20,2024-12-10 00:00:00
557,557,Aggressive,8,2023-07-17 00:00:00
558,558,Conservative,24,2026-03-30 00:00:00
559,559,Aggressive,19,2023-11-18 00:00:00
560,560,Moderate,18,2026-05-30 00:00:00
561,561,Moderate,2,2026-05-02 00:00:00
562,562,Moderate,22,2026-03-19 00:00:00
563,563,Conservative,19,2026-04-27 00:00:00
564,564,Aggressive,2,2023-02-21 00:00:00
565,565,Aggressive,9,2024-12-16 00:00:00
566,566,Moderate,5,2026-02-25 00:00:00
567,567,Aggressive,8,2024-01-06 00:00:00
568,568,Conservative,20,2026-03-18 00:00:00
569,569,Moderate,3,2024-10-05 00:00:00
570,570,Moderate,18,2025-01-03 00:00:00
571,571,Moderate,5,2025-07-26 00:00:00
572,572,Aggressive,3,2024-05-13 00:00:00
573,573,Aggressive,7,2023-12-03 00:00:00
574,574,Moderate,13,2026-03-06 00:00:00
575,575,Moderate,7,2024-07-26 00:00:00
576,576,Conservative,19,2023-01-29 00:00:00
577,577,Conservative,19,2024-09-20 00:00:00
578,578,Conservative,21,2023-06-08 00:00:00
579,579,Conservative,4,2025-05-06 00:00:00
580,580,Aggressive,10,2025-08-31 00:00:00
581,581,Conservative,10,2023-04-07 00:00:00
582,582,Aggressive,3,2025-04-14 00:00:00
583,583,Moderate,1,2023-12-25 00:00:00
584,584,Aggressive,11,2025-03-07 00:00:00
585,585,Conservative,5,2026-05-17 00:00:00
586,586,Aggressive,12,2023-08-09 00:00:00
587,587,Aggressive,20,2024-01-11 00:00:00
588,588,Conservative,3,2025-03-27 00:00:00
589,589,Moderate,24,2024-02-08 00:00:00
590,590,Conservative,24,2024-12-30 00:00:00
591,591,Conservative,16,2024-01-19 00:00:00
592,592,Moderate,13,2026-02-11 00:00:00
593,593,Conservative,20,2024-04-14 00:00:00
594,594,Aggressive,9,2024-08-20 00:00:00
595,595,Conservative,20,2025-04-07 00:00:00
596,596,Moderate,2,2026-05-16 00:00:00
597,597,Conservative,2,2023-04-01 00:00:00
598,598,Moderate,21,2024-02-15 00:00:00
599,599,Moderate,13,2025-11-06 00:00:00
600,600,Conservative,20,2023-06-30 00:00:00
601,601,Aggressive,7,2025-08-02 00:00:00
602,602,Aggressive,16,2024-10-13 00:00:00
603,603,Moderate,21,2023-10-23 00:00:00
604,604,Aggressive,4,2023-05-17 00:00:00
605,605,Conservative,15,2024-02-03 00:00:00
606,606,Moderate,9,2024-05-20 00:00:00
607,607,Conservative,11,2024-02-24 00:00:00
608,608,Moderate,14,2026-02-22 00:00:00
609,609,Moderate,2,2023-05-06 00:00:00
610,610,Conservative,25,2024-09-04 00:00:00
611,611,Moderate,7,2025-07-28 00:00:00
612,612,Moderate,1,2023-10-24 00:00:00
613,613,Conservative,14,2025-01-10 00:00:00
614,614,Aggressive,18,2023-02-13 00:00:00
615,615,Moderate,5,2025-03-13 00:00:00
616,616,Moderate,22,2024-11-01 00:00:00
617,617,Conservative,19,2025-04-27 00:00:00
618,618,Moderate,16,2025-06-10 00:00:00
619,619,Aggressive,12,2023-05-30 00:00:00
620,620,Conservative,23,2023-11-23 00:00:00
621,621,Conservative,23,2026-03-17 00:00:00
622,622,Conservative,15,2025-06-11 00:00:00
623,623,Moderate,14,2025-08-28 00:00:00
624,624,Moderate,21,2023-09-04 00:00:00
625,625,Conservative,12,2024-07-11 00:00:00
626,626,Aggressive,6,2025-11-18 00:00:00
627,627,Moderate,5,2024-10-09 00:00:00
628,628,Conservative,4,2023-08-22 00:00:00
629,629,Conservative,11,2025-07-20 00:00:00
630,630,Aggressive,7,2025-09-27 00:00:00
631,631,Moderate,2,2026-03-18 00:00:00
632,632,Conservative,15,2025-09-30 00:00:00
633,633,Moderate,14,2025-11-24 00:00:00
634,634,Conservative,9,2025-10-19 00:00:00
635,635,Moderate,24,2024-10-15 00:00:00
636,636,Aggressive,3,2025-05-17 00:00:00
637,637,Moderate,18,2024-01-19 00:00:00
638,638,Aggressive,11,2025-11-08 00:00:00
639,639,Moderate,17,2026-04-15 00:00:00
640,640,Conservative,17,2024-07-20 00:00:00
641,641,Aggressive,20,2026-04-29 00:00:00
642,642,Conservative,7,2025-01-14 00:00:00
643,643,Conservative,2,2024-03-18 00:00:00
644,644,Moderate,16,2023-09-24 00:00:00
645,645,Moderate,21,2025-02-17 00:00:00
646,646,Aggressive,14,2025-06-02 00:00:00
647,647,Aggressive,15,2023-09-03 00:00:00
648,648,Conservative,23,2025-03-11 00:00:00
649,649,Moderate,22,2026-05-19 00:00:00
650,650,Conservative,20,2024-03-01 00:00:00
651,651,Moderate,14,2026-01-09 00:00:00
652,652,Moderate,12,2024-10-21 00:00:00
653,653,Conservative,3,2025-07-20 00:00:00
654,654,Aggressive,15,2025-09-10 00:00:00
655,655,Moderate,10,2023-05-24 00:00:00
656,656,Moderate,3,2025-10-01 00:00:00
657,657,Aggressive,13,2023-05-23 00:00:00
658,658,Moderate,21,2024-02-29 00:00:00
659,659,Moderate,8,2024-01-17 00:00:00
660,660,Aggressive,5,2023-02-22 00:00:00
661,661,Moderate,16,2024-09-30 00:00:00
662,662,Conservative,8,2025-07-27 00:00:00
663,663,Aggressive,22,2023-11-22 00:00:00
664,664,Moderate,16,2025-04-11 00:00:00
665,665,Aggressive,2,2026-04-21 00:00:00
666,666,Moderate,5,2024-01-30 00:00:00
667,667,Moderate,25,2026-05-12 00:00:00
668,668,Conservative,13,2026-05-21 00:00:00
669,669,Conservative,10,2024-02-09 00:00:00
670,670,Moderate,16,2024-01-09 00:00:00
671,671,Conservative,23,2023-09-25 00:00:00
672,672,Aggressive,10,2023-10-11 00:00:00
673,673,Moderate,6,2026-02-26 00:00:00
674,674,Aggressive,19,2023-05-24 00:00:00
675,675,Conservative,4,2025-01-30 00:00:00
676,676,Aggressive,19,2023-12-25 00:00:00
677,677,Conservative,11,2026-02-24 00:00:00
678,678,Moderate,3,2025-07-11 00:00:00
679,679,Moderate,19,2025-10-18 00:00:00
680,680,Aggressive,13,2023-10-19 00:00:00
681,681,Aggressive,2,2023-08-19 00:00:00
682,682,Conservative,3,2025-01-01 00:00:00
683,683,Moderate,7,2024-04-09 00:00:00
684,684,Conservative,23,2026-02-09 00:00:00
685,685,Moderate,10,2023-07-11 00:00:00
686,686,Conservative,10,2024-12-10 00:00:00
687,687,Moderate,15,2026-05-30 00:00:00
688,688,Aggressive,20,2023-08-14 00:00:00
689,689,Conservative,24,2026-05-15 00:00:00
690,690,Aggressive,6,2025-02-09 00:00:00
691,691,Conservative,13,2023-05-08 00:00:00
692,692,Moderate,15,2025-02-21 00:00:00
693,693,Aggressive,21,2025-12-28 00:00:00
694,694,Moderate,13,2026-01-13 00:00:00
695,695,Conservative,7,2025-05-07 00:00:00
696,696,Moderate,3,2024-11-10 00:00:00
697,697,Conservative,24,2023-06-13 00:00:00
698,698,Aggressive,19,2023-02-03 00:00:00
699,699,Conservative,7,2025-08-27 00:00:00
700,700,Conservative,1,2025-01-27 00:00:00
701,701,Conservative,25,2025-09-26 00:00:00
702,702,Aggressive,11,2025-09-06 00:00:00
703,703,Aggressive,20,2025-06-11 00:00:00
704,704,Aggressive,8,2023-07-27 00:00:00
705,705,Conservative,11,2023-01-22 00:00:00
706,706,Conservative,2,2023-11-17 00:00:00
707,707,Aggressive,14,2024-07-08 00:00:00
708,708,Moderate,4,2023-02-06 00:00:00
709,709,Aggressive,1,2023-01-15 00:00:00
710,710,Aggressive,2,2024-12-02 00:00:00
711,711,Aggressive,25,2024-04-01 00:00:00
712,712,Aggressive,6,2025-10-05 00:00:00
713,713,Moderate,22,2025-11-04 00:00:00
714,714,Aggressive,21,2026-02-01 00:00:00
715,715,Conservative,12,2026-04-20 00:00:00
716,716,Conservative,7,2025-03-24 00:00:00
717,717,Aggressive,16,2025-09-27 00:00:00
718,718,Moderate,10,2023-01-31 00:00:00
719,719,Moderate,16,2024-06-26 00:00:00
720,720,Conservative,14,2023-04-02 00:00:00
721,721,Moderate,17,2024-09-12 00:00:00
722,722,Aggressive,7,2025-03-03 00:00:00
723,723,Aggressive,7,2024-09-15 00:00:00
724,724,Moderate,25,2025-11-07 00:00:00
725,725,Moderate,12,2023-08-14 00:00:00
726,726,Conservative,11,2023-03-25 00:00:00
727,727,Moderate,3,2026-04-24 00:00:00
728,728,Aggressive,17,2026-04-18 00:00:00
729,729,Moderate,18,2025-11-09 00:00:00
730,730,Aggressive,7,2025-03-26 00:00:00
731,731,Moderate,4,2024-08-30 00:00:00
732,732,Conservative,17,2024-09-12 00:00:00
733,733,Aggressive,7,2025-08-31 00:00:00
734,734,Moderate,25,2025-01-07 00:00:00
735,735,Moderate,8,2025-09-13 00:00:00
736,736,Moderate,14,2024-09-26 00:00:00
737,737,Conservative,23,2025-06-09 00:00:00
738,738,Moderate,13,2023-04-26 00:00:00
739,739,Aggressive,2,2025-11-03 00:00:00
740,740,Aggressive,23,2025-10-16 00:00:00
741,741,Conservative,22,2025-09-02 00:00:00
742,742,Conservative,25,2024-05-28 00:00:00
743,743,Moderate,11,2026-03-15 00:00:00
744,744,Aggressive,24,2025-01-18 00:00:00
745,745,Moderate,9,2023-08-03 00:00:00
746,746,Conservative,14,2024-09-18 00:00:00
747,747,Conservative,16,2025-11-05 00:00:00
748,748,Aggressive,22,2023-06-11 00:00:00
749,749,Moderate,11,2025-09-29 00:00:00
750,750,Moderate,18,2025-12-20 00:00:00
751,751,Moderate,17,2023-03-03 00:00:00
752,752,Moderate,12,2024-03-22 00:00:00
753,753,Moderate,4,2024-04-30 00:00:00
754,754,Aggressive,11,2024-02-23 00:00:00
755,755,Moderate,12,2024-08-11 00:00:00
756,756,Conservative,8,2023-12-08 00:00:00
757,757,Moderate,18,2024-05-06 00:00:00
758,758,Aggressive,13,2023-03-27 00:00:00
759,759,Moderate,10,2025-01-26 00:00:00
760,760,Conservative,3,2025-07-16 00:00:00
761,761,Aggressive,14,2025-05-06 00:00:00
762,762,Moderate,6,2024-07-29 00:00:00
763,763,Moderate,18,2025-11-15 00:00:00
764,764,Conservative,2,2025-11-22 00:00:00
765,765,Aggressive,25,2024-09-11 00:00:00
766,766,Conservative,15,2023-05-24 00:00:00
767,767,Aggressive,8,2025-09-17 00:00:00
768,768,Conservative,5,2023-09-28 00:00:00
769,769,Moderate,5,2024-01-08 00:00:00
770,770,Aggressive,1,2025-11-20 00:00:00
771,771,Aggressive,2,2023-04-03 00:00:00
772,772,Moderate,17,2024-04-15 00:00:00
773,773,Aggressive,13,2024-12-20 00:00:00
774,774,Moderate,17,2024-11-23 00:00:00
775,775,Moderate,21,2025-11-15 00:00:00
776,776,Conservative,20,2023-03-15 00:00:00
777,777,Conservative,1,2025-12-09 00:00:00
778,778,Conservative,16,2025-11-19 00:00:00
779,779,Moderate,25,2026-03-07 00:00:00
780,780,Aggressive,12,2023-08-12 00:00:00
781,781,Moderate,17,2023-02-12 00:00:00
782,782,Conservative,7,2026-05-04 00:00:00
783,783,Aggressive,9,2025-11-09 00:00:00
784,784,Moderate,21,2024-08-25 00:00:00
785,785,Aggressive,13,2023-07-22 00:00:00
786,786,Conservative,21,2023-04-17 00:00:00
787,787,Aggressive,1,2023-03-04 00:00:00
788,788,Moderate,24,2025-12-02 00:00:00
789,789,Moderate,2,2024-02-15 00:00:00
790,790,Aggressive,19,2023-09-05 00:00:00
791,791,Moderate,21,2024-12-05 00:00:00
792,792,Aggressive,11,2024-07-10 00:00:00
793,793,Aggressive,15,2024-03-27 00:00:00
794,794,Conservative,16,2023-05-12 00:00:00
795,795,Conservative,5,2024-07-14 00:00:00
796,796,Aggressive,3,2024-10-03 00:00:00
797,797,Moderate,22,2023-03-18 00:00:00
798,798,Aggressive,19,2025-01-09 00:00:00
799,799,Moderate,25,2024-09-10 00:00:00
800,800,Aggressive,16,2023-12-23 00:00:00
801,801,Moderate,19,2023-09-23 00:00:00
802,802,Moderate,21,2023-11-07 00:00:00
803,803,Conservative,14,2025-03-10 00:00:00
804,804,Moderate,3,2023-12-27 00:00:00
805,805,Moderate,9,2025-01-08 00:00:00
806,806,Aggressive,3,2023-03-13 00:00:00
807,807,Conservative,14,2025-12-04 00:00:00
808,808,Aggressive,7,2023-03-22 00:00:00
809,809,Moderate,21,2023-01-02 00:00:00
810,810,Moderate,6,2026-03-19 00:00:00
811,811,Moderate,19,2025-06-06 00:00:00
812,812,Moderate,11,2023-08-24 00:00:00
813,813,Aggressive,20,2025-04-11 00:00:00
814,814,Conservative,11,2025-01-03 00:00:00
815,815,Conservative,11,2023-04-11 00:00:00
816,816,Moderate,17,2024-12-09 00:00:00
817,817,Aggressive,23,2025-10-01 00:00:00
818,818,Aggressive,11,2023-10-06 00:00:00
819,819,Moderate,11,2023-01-11 00:00:00
820,820,Moderate,22,2024-08-05 00:00:00
821,821,Conservative,4,2023-05-07 00:00:00
822,822,Moderate,1,2026-01-14 00:00:00
823,823,Aggressive,13,2025-04-29 00:00:00
824,824,Conservative,25,2025-03-22 00:00:00
825,825,Aggressive,5,2025-09-13 00:00:00
826,826,Conservative,15,2024-02-28 00:00:00
827,827,Conservative,17,2024-12-04 00:00:00
828,828,Conservative,9,2025-10-01 00:00:00
829,829,Aggressive,21,2024-02-06 00:00:00
830,830,Moderate,15,2026-04-25 00:00:00
831,831,Moderate,15,2025-01-28 00:00:00
832,832,Aggressive,21,2023-01-10 00:00:00
833,833,Moderate,21,2023-07-29 00:00:00
834,834,Moderate,3,2024-01-05 00:00:00
835,835,Moderate,20,2025-03-14 00:00:00
836,836,Aggressive,3,2026-03-01 00:00:00
837,837,Conservative,18,2023-07-11 00:00:00
838,838,Moderate,21,2023-09-20 00:00:00
839,839,Moderate,20,2023-01-18 00:00:00
840,840,Conservative,10,2023-04-12 00:00:00
841,841,Conservative,1,2024-03-31 00:00:00
842,842,Moderate,4,2024-05-14 00:00:00
843,843,Aggressive,19,2023-11-19 00:00:00
844,844,Aggressive,12,2025-03-16 00:00:00
845,845,Moderate,19,2024-01-11 00:00:00
846,846,Conservative,1,2024-06-13 00:00:00
847,847,Aggressive,11,2023-04-18 00:00:00
848,848,Moderate,24,2023-08-26 00:00:00
849,849,Moderate,23,2023-04-14 00:00:00
850,850,Conservative,9,2024-07-04 00:00:00
851,851,Moderate,6,2026-02-18 00:00:00
852,852,Conservative,15,2024-07-21 00:00:00
853,853,Aggressive,24,2023-06-14 00:00:00
854,854,Conservative,13,2023-10-01 00:00:00
855,855,Aggressive,20,2024-05-22 00:00:00
856,856,Moderate,12,2023-02-22 00:00:00
857,857,Moderate,4,2023-03-13 00:00:00
858,858,Aggressive,14,2023-04-06 00:00:00
859,859,Conservative,17,2025-12-31 00:00:00
860,860,Aggressive,6,2026-02-14 00:00:00
861,861,Conservative,15,2023-09-03 00:00:00
862,862,Conservative,5,2025-10-03 00:00:00
863,863,Conservative,1,2024-12-04 00:00:00
864,864,Moderate,7,2026-02-16 00:00:00
865,865,Conservative,20,2025-12-10 00:00:00
866,866,Conservative,17,2024-09-10 00:00:00
867,867,Moderate,20,2023-02-28 00:00:00
868,868,Conservative,8,2023-02-08 00:00:00
869,869,Moderate,1,2023-10-07 00:00:00
870,870,Conservative,10,2023-06-27 00:00:00
871,871,Moderate,8,2025-08-19 00:00:00
872,872,Moderate,3,2026-03-09 00:00:00
873,873,Moderate,11,2025-12-20 00:00:00
874,874,Conservative,21,2026-05-15 00:00:00
875,875,Moderate,13,2024-05-31 00:00:00
876,876,Aggressive,3,2023-03-08 00:00:00
877,877,Moderate,11,2025-12-21 00:00:00
878,878,Conservative,12,2025-08-06 00:00:00
879,879,Moderate,17,2025-11-10 00:00:00
880,880,Conservative,8,2024-03-12 00:00:00
881,881,Conservative,12,2023-10-08 00:00:00
882,882,Conservative,3,2025-02-15 00:00:00
883,883,Conservative,5,2024-12-25 00:00:00
884,884,Aggressive,22,2025-12-04 00:00:00
885,885,Conservative,22,2024-05-28 00:00:00
886,886,Conservative,20,2024-08-25 00:00:00
887,887,Aggressive,13,2026-03-25 00:00:00
888,888,Moderate,23,2023-10-14 00:00:00
889,889,Moderate,11,2025-11-26 00:00:00
890,890,Moderate,21,2024-12-29 00:00:00
891,891,Aggressive,4,2026-04-10 00:00:00
892,892,Conservative,25,2023-09-25 00:00:00
893,893,Moderate,25,2024-05-13 00:00:00
894,894,Moderate,13,2024-07-11 00:00:00
895,895,Conservative,3,2025-02-11 00:00:00
896,896,Moderate,5,2024-09-01 00:00:00
897,897,Moderate,6,2024-06-20 00:00:00
898,898,Aggressive,9,2025-06-29 00:00:00
899,899,Conservative,7,2023-08-30 00:00:00
900,900,Aggressive,18,2025-10-31 00:00:00
901,901,Conservative,6,2026-02-18 00:00:00
902,902,Moderate,10,2026-02-25 00:00:00
903,903,Moderate,20,2025-11-02 00:00:00
904,904,Aggressive,4,2026-02-10 00:00:00
905,905,Conservative,3,2025-11-26 00:00:00
906,906,Conservative,1,2023-10-17 00:00:00
907,907,Moderate,22,2026-03-12 00:00:00
908,908,Moderate,21,2025-03-30 00:00:00
909,909,Moderate,14,2025-03-27 00:00:00
910,910,Conservative,16,2025-09-17 00:00:00
911,911,Aggressive,11,2025-10-21 00:00:00
912,912,Moderate,22,2024-02-28 00:00:00
913,913,Moderate,12,2026-04-16 00:00:00
914,914,Moderate,15,2023-12-07 00:00:00
915,915,Aggressive,9,2025-07-25 00:00:00
916,916,Moderate,9,2024-09-13 00:00:00
917,917,Conservative,10,2023-02-12 00:00:00
918,918,Aggressive,17,2025-08-30 00:00:00
919,919,Aggressive,24,2025-01-16 00:00:00
920,920,Conservative,6,2026-05-07 00:00:00
921,921,Conservative,14,2024-07-28 00:00:00
922,922,Moderate,5,2025-08-09 00:00:00
923,923,Moderate,16,2024-08-25 00:00:00
924,924,Moderate,12,2024-10-12 00:00:00
925,925,Moderate,6,2025-11-05 00:00:00
926,926,Moderate,18,2023-10-18 00:00:00
927,927,Conservative,2,2025-08-13 00:00:00
928,928,Conservative,3,2023-01-18 00:00:00
929,929,Moderate,22,2023-08-24 00:00:00
930,930,Moderate,25,2026-03-01 00:00:00
931,931,Aggressive,17,2023-08-25 00:00:00
932,932,Moderate,1,2026-05-14 00:00:00
933,933,Moderate,14,2024-02-18 00:00:00
934,934,Aggressive,15,2025-09-16 00:00:00
935,935,Conservative,1,2023-10-07 00:00:00
936,936,Conservative,15,2024-08-08 00:00:00
937,937,Moderate,24,2023-02-18 00:00:00
938,938,Conservative,21,2023-04-09 00:00:00
939,939,Aggressive,15,2025-02-04 00:00:00
940,940,Moderate,5,2023-07-27 00:00:00
941,941,Moderate,10,2023-11-12 00:00:00
942,942,Conservative,8,2025-12-11 00:00:00
943,943,Aggressive,25,2023-12-05 00:00:00
944,944,Moderate,13,2025-06-06 00:00:00
945,945,Conservative,7,2024-06-10 00:00:00
946,946,Conservative,13,2024-01-16 00:00:00
947,947,Aggressive,3,2024-10-17 00:00:00
948,948,Aggressive,4,2023-01-25 00:00:00
949,949,Moderate,24,2023-12-06 00:00:00
950,950,Moderate,3,2023-09-12 00:00:00
951,951,Aggressive,14,2024-01-11 00:00:00
952,952,Moderate,23,2025-01-30 00:00:00
953,953,Aggressive,6,2025-01-05 00:00:00
954,954,Conservative,3,2026-02-27 00:00:00
955,955,Moderate,21,2023-09-01 00:00:00
956,956,Moderate,11,2025-09-23 00:00:00
957,957,Moderate,15,2024-05-16 00:00:00
958,958,Moderate,8,2025-10-15 00:00:00
959,959,Aggressive,18,2025-09-27 00:00:00
960,960,Aggressive,22,2023-07-01 00:00:00
961,961,Moderate,24,2024-06-20 00:00:00
962,962,Conservative,8,2023-11-18 00:00:00
963,963,Conservative,8,2024-12-07 00:00:00
964,964,Moderate,20,2023-02-21 00:00:00
965,965,Aggressive,7,2025-08-26 00:00:00
966,966,Moderate,9,2023-07-20 00:00:00
967,967,Moderate,6,2024-12-03 00:00:00
968,968,Moderate,15,2023-10-29 00:00:00
969,969,Aggressive,5,2023-01-06 00:00:00
970,970,Moderate,16,2024-06-05 00:00:00
971,971,Aggressive,25,2025-01-09 00:00:00
972,972,Aggressive,18,2025-10-14 00:00:00
973,973,Conservative,14,2023-11-17 00:00:00
974,974,Conservative,22,2026-01-18 00:00:00
975,975,Conservative,7,2024-10-26 00:00:00
976,976,Conservative,1,2025-11-14 00:00:00
977,977,Conservative,4,2025-08-29 00:00:00
978,978,Aggressive,6,2026-02-26 00:00:00
979,979,Moderate,15,2023-12-28 00:00:00
980,980,Aggressive,21,2024-04-23 00:00:00
981,981,Aggressive,6,2024-09-22 00:00:00
982,982,Conservative,2,2024-02-26 00:00:00
983,983,Aggressive,23,2024-07-20 00:00:00
984,984,Aggressive,23,2024-04-30 00:00:00
985,985,Conservative,8,2023-07-17 00:00:00
986,986,Moderate,13,2023-08-11 00:00:00
987,987,Aggressive,18,2023-10-11 00:00:00
988,988,Moderate,11,2025-11-20 00:00:00
989,989,Moderate,24,2024-06-25 00:00:00
990,990,Conservative,5,2025-10-08 00:00:00
991,991,Moderate,24,2023-07-16 00:00:00
992,992,Aggressive,19,2026-03-01 00:00:00
993,993,Moderate,1,2024-08-12 00:00:00
994,994,Aggressive,5,2023-06-03 00:00:00
995,995,Moderate,21,2024-09-11 00:00:00
996,996,Aggressive,13,2023-06-17 00:00:00
997,997,Moderate,25,2025-06-16 00:00:00
998,998,Aggressive,7,2025-09-30 00:00:00
999,999,Conservative,20,2024-11-25 00:00:00
1000,1000,Moderate,9,2024-06-06 00:00:00
